File Name,Item Sequence,Visibility,Title,IIIF Range,viewingHint,Parent ARK,Item ARK,Object Type,Rights.copyrightStatus,Rights.statementLocal,Bucketeer State,IIIF Access URL,AltTitle.other,AltTitle.uniform,Place of origin,Date.normalized,Date binding,Date.creation,Scribe,Illuminator,Rubricator,Author,Commentator,Compiler,Translator,Subject name,Subject topic,Subject place,Subject temporal,Summary,Contents,Colophon,Incipit,Explicit,Motif,Bibliography,References,Provenance,Signature,General note,Physical Description,,Format.extent,Format,Format.dimensions,Support,Foliation,Collation,Page layout,Writing and hands,Illustrations note,Inscription,Additions,Binding note,Ink color,Features,Condition note,Type.typeOfResource,Type.genre,Language,Text direction,Writing system,Script,Script note,Rights holder,Rights access,Licensing (?),Rights contact,Name.repository,AltIdentifier.local,Series,Collection (physical),Undertext object(s),Overtext mss,Other version,Ms cataloger/scholar,(originator of the digitized object),Lens make | Lens model,Aperature,Camera Operator
,,discovery,"Sinai Arabic 9. Old Testament : manuscript, 1200. St. Catherine's Monastery, Sinai, Egypt",,paged,21198/z1bk2gmg,ark:/21198/z1sr03rq,Work,copyrighted,Contact the Monastery of St. Catherine's of the Sinai. Metadata: Unless otherwise indicated all metadata associated with this manuscript is copyright the authors and released under Creative Commons Attribution 4.0 International License.,,,كتاب اشعياء النّبي|~|كتاب حزقيال النّبي,Bible. Isaiah|~|Bible. Ezekiel,,1200,,1200,,,,,,,,,,,,,,,,,,,,,,,,,347 ff. ; 2412.2 g,Codex,274 x 188 x 95 mm,Paper,,,,,Decorative illustration on f. 343v,Donation iscription on f. 1v,,,,Rubrication|~|Illustrated,,text,Sacred works|~|Manuscripts,ara,right-to-left,Arabic,Naskh,,,,,"To inquire about image rights, contact St. Catherine's Monastery, https://www.sinaimonastery.com, sinaimonastery@gmail.com.",Saint Catherine (Monastery : Mount Sinai),Sinai Arabic 9,,Sinai. Old Collection,,,http://www.loc.gov/item/00279385822-ms/,,"Statement of responsibility: Imaging performed under the auspices of His Eminence Archbishop Damianos and The Holy Council, Father Justin Sinaites Librarian, Early Manuscripts Electronic Library. Phelps Michael B. Project Director; Kasotakis Damianos. Imaging Director",Schneider | APO-DIGITAR 90/4.8 SES,11,The Holy Monastery of Saint Catherine Sinai | Kasotakis Vasilios | Galanis Lampros | Georgiades Christos
,,discovery,"Sinai Arabic 32. Psalter and Odes : manuscript, 1000. St. Catherine's Monastery, Sinai, Egypt",,paged,21198/z1bk2gmg,ark:/21198/z1nz9bx3,Work,copyrighted,Contact the Monastery of St. Catherine's of the Sinai. Metadata: Unless otherwise indicated all metadata associated with this manuscript is copyright the authors and released under Creative Commons Attribution 4.0 International License.,,,المَزامير,Bible. Psalms,,1000,,1000,,,,,,,,,,,,,,,,,,,,,,Greek on last two leaves,,,138 ff. ; 312.7 g,Codex,164 x 128 x 44 mm,Paper,"The sequence of ff. 31, 32, 33 is repeated once and then f. 34 follows.",,,,,,,,,,Front board single piece of leather with corner missing and remains of flap. Part of inside lining is all that is left of back cover. Last leaf has Sellotape.,text,Psalters|~|Liturgical books|~|Manuscripts,ara|~|grc,right-to-left,Arabic|~|Ancient Greek,,,,,,"To inquire about image rights, contact St. Catherine's Monastery, https://www.sinaimonastery.com, sinaimonastery@gmail.com.",Saint Catherine (Monastery : Mount Sinai),Sinai Arabic 32,,Sinai. Old Collection,,,http://www.loc.gov/item/00279385858-ms/,,"Statement of responsibility: Imaging performed under the auspices of His Eminence Archbishop Damianos and The Holy Council, Father Justin Sinaites Librarian, Early Manuscripts Electronic Library. Phelps Michael B. Project Director; Kasotakis Damianos. Imaging Director",Schneider | APO-DIGITAR 120/5.6 SES,11,The Holy Monastery of Saint Catherine Sinai | Kasotakis Vasilios | Galanis Lampros | Georgiades Christos
,,discovery,"Sinai Arabic 43. Psalter and Doxastika : manuscript [ca 14th c.]. St. Catherine's Monastery, Sinai, Egypt",,paged,21198/z1bk2gmg,ark:/21198/z1j68m63,Work,copyrighted,Contact the Monastery of St. Catherine's of the Sinai. Metadata: Unless otherwise indicated all metadata associated with this manuscript is copyright the authors and released under Creative Commons Attribution 4.0 International License.,,,المَزامير|~|ذكصا|~|كاثسما,Bible. Psalms,,1300/1399,,14th c.,,,,,,,,,,,,,,,,,,,Gibson,,,,,,172 ff. ; 894.8 g,Codex,194 x 149 x 70 mm,Paper,The first four leaves of each quire foliated in Roman numerals in an ink that looks similar to the text,,,,,Donation inscription at the bottom of f. 171v. Supplication inscription on f. 172v (final page).,,,,Rubrication,The first two quires torn out and lacking (f. 1r is the beginning of the 'third' quire as noted on the top of the leaf),text,Psalters|~|Hymns|~|Manuscripts,ara,right-to-left,Arabic,Naskh,,,,,"To inquire about image rights, contact St. Catherine's Monastery, https://www.sinaimonastery.com, sinaimonastery@gmail.com.",Saint Catherine (Monastery : Mount Sinai),Sinai Arabic 43,,Sinai. Old Collection,,,https://www.nli.org.il/en/manuscripts/NNL_ALEPH003871364/NLI,,"Statement of responsibility: Imaging performed under the auspices of His Eminence Archbishop Damianos and The Holy Council, Father Justin Sinaites Librarian, Early Manuscripts Electronic Library. Phelps Michael B. Project Director; Kasotakis Damianos. Imaging Director",Schneider | APO-DIGITAR 90/4.8 SES,11,The Holy Monastery of Saint Catherine Sinai | Kasotakis Vasilios | Galanis Lampros | Georgiades Christos
,,discovery,"Sinai Arabic 69. Four Gospels : manuscript, 1065. St. Catherine's Monastery, Sinai, Egypt",,paged,21198/z1bk2gmg,ark:/21198/z1df7vgc,Work,copyrighted,Contact the Monastery of St. Catherine's of the Sinai. Metadata: Unless otherwise indicated all metadata associated with this manuscript is copyright the authors and released under Creative Commons Attribution 4.0 International License.,,,أربع صحايف الإنجيل المقدّس,Bible. Gospels,,1065,,1065,,,,,,,,,,,,,,,,,,,,,,,,,159 ff. ; 929.4 g,Codex,196 x 149 x 76 mm,Parchment,Front and back flyleaves (in Greek) foliated,,,,,,,,,Rubrication,,text,Sacred works|~|Manuscripts,ara|~|grc,right-to-left,Arabic|~|Ancient Greek,,,,,,"To inquire about image rights, contact St. Catherine's Monastery, https://www.sinaimonastery.com, sinaimonastery@gmail.com.",Saint Catherine (Monastery : Mount Sinai),Sinai Arabic 69,,Sinai. Old Collection,,,http://www.loc.gov/item/00279386012-ms/,,"Statement of responsibility: Imaging performed under the auspices of His Eminence Archbishop Damianos and The Holy Council, Father Justin Sinaites Librarian, Early Manuscripts Electronic Library. Phelps Michael B. Project Director; Kasotakis Damianos. Imaging Director",Schneider | APO-DIGITAR 90/4.8 SES,11,The Holy Monastery of Saint Catherine Sinai | Kasotakis Vasilios | Galanis Lampros | Georgiades Christos
,,discovery,"Sinai Arabic 81. Four Gospels : manuscript, 1323. St. Catherine's Monastery, Sinai, Egypt",,paged,21198/z1bk2gmg,ark:/21198/z18p73vc,Work,copyrighted,Contact the Monastery of St. Catherine's of the Sinai. Metadata: Unless otherwise indicated all metadata associated with this manuscript is copyright the authors and released under Creative Commons Attribution 4.0 International License.,,,الإنجيل المقدّس,Bible. Gospels,,1323,,1323,,,,,,,,,,,,,,,,,,,,,,,,,183 ff. ; 2094.3 g,Codex,287 x 197 x 75 mm,Paper,,,,,,,,,,,,text,Sacred works|~|Manuscripts,ara,right-to-left,Arabic,,,,,,"To inquire about image rights, contact St. Catherine's Monastery, https://www.sinaimonastery.com, sinaimonastery@gmail.com.",Saint Catherine (Monastery : Mount Sinai),Sinai Arabic 81,,Sinai. Old Collection,,,https://www.nli.org.il/en/manuscripts/NNL_ALEPH003891610/NLI,,"Statement of responsibility: Imaging performed under the auspices of His Eminence Archbishop Damianos and The Holy Council, Father Justin Sinaites Librarian, Early Manuscripts Electronic Library. Phelps Michael B. Project Director; Kasotakis Damianos. Imaging Director",Schneider | APO-DIGITAR 90/4.8 SES,11,The Holy Monastery of Saint Catherine Sinai | Kasotakis Vasilios | Galanis Lampros | Georgiades Christos
,,discovery,"Sinai Arabic 85. Apocalypse : manuscript, 1100. St. Catherine's Monastery, Sinai, Egypt",,paged,21198/z1bk2gmg,ark:/21198/z14x6c5h,Work,copyrighted,Contact the Monastery of St. Catherine's of the Sinai. Metadata: Unless otherwise indicated all metadata associated with this manuscript is copyright the authors and released under Creative Commons Attribution 4.0 International License.,,,,Bible. Revelation,,1100,,1100,,,,,,,,,,,,,,,,,,,,,,,,,240 ff. ; 966.3 g,Codex,189 x 144 x 70 mm,Paper,ff. 202 and 223 lacking,,,,,,,,,,,text,Sacred works|~|Manuscripts,ara,right-to-left,Arabic,,,,,,"To inquire about image rights, contact St. Catherine's Monastery, https://www.sinaimonastery.com, sinaimonastery@gmail.com.",Saint Catherine (Monastery : Mount Sinai),Sinai Arabic 85,,Sinai. Old Collection,,,http://www.loc.gov/item/00279386693-ms/,,"Statement of responsibility: Imaging performed under the auspices of His Eminence Archbishop Damianos and The Holy Council, Father Justin Sinaites Librarian, Early Manuscripts Electronic Library. Phelps Michael B. Project Director; Kasotakis Damianos. Imaging Director",Schneider | APO-DIGITAR 90/4.8 SES,11,The Holy Monastery of Saint Catherine Sinai | Kasotakis Vasilios | Galanis Lampros | Georgiades Christos
,,discovery,"Sinai Arabic 129. Lectionary (Gospels) : manuscript, 1245. St. Catherine's Monastery, Sinai, Egypt",,paged,21198/z1bk2gmg,ark:/21198/z11849tz,Work,copyrighted,Contact the Monastery of St. Catherine's of the Sinai. Metadata: Unless otherwise indicated all metadata associated with this manuscript is copyright the authors and released under Creative Commons Attribution 4.0 International License.,,,,,,1245,,1245,,,,,,,,,,,,,,,,,,,,,,,,,395 ff. ; 2800.1 g,Codex,270 x 187 x 101 mm,Paper,,,,,,,,Silver plates on outside front board,,,,text,Lectionaries|~|Manuscripts,ara,right-to-left,Arabic,,,,,,"To inquire about image rights, contact St. Catherine's Monastery, https://www.sinaimonastery.com, sinaimonastery@gmail.com.",Saint Catherine (Monastery : Mount Sinai),Sinai Arabic 129,,Sinai. Old Collection,,,http://www.loc.gov/item/00279384283-ms/,,"Statement of responsibility: Imaging performed under the auspices of His Eminence Archbishop Damianos and The Holy Council, Father Justin Sinaites Librarian, Early Manuscripts Electronic Library. Phelps Michael B. Project Director; Kasotakis Damianos. Imaging Director",Schneider | APO-DIGITAR 90/4.8 SES,11,The Holy Monastery of Saint Catherine Sinai | Kasotakis Vasilios | Galanis Lampros | Georgiades Christos
,,discovery,"Sinai Arabic 135. Lectionary (Gospels) : manuscript, 1325. St. Catherine's Monastery, Sinai, Egypt",,paged,21198/z1bk2gmg,ark:/21198/z1wh3tbp,Work,copyrighted,Contact the Monastery of St. Catherine's of the Sinai. Metadata: Unless otherwise indicated all metadata associated with this manuscript is copyright the authors and released under Creative Commons Attribution 4.0 International License.,,,,,,1325,,1325,,,,,,,,,,,,,,,,,,,Gibson,,,,,,238 ff. ; 2328.1 g,Codex,299 x 229 x 90 mm,Paper,,,,,,,,,,,"Rodent damage with loss of text from f. 147, increasing at the end",text,Lectionaries|~|Manuscripts,ara,right-to-left,Arabic,,,,,,"To inquire about image rights, contact St. Catherine's Monastery, https://www.sinaimonastery.com, sinaimonastery@gmail.com.",Saint Catherine (Monastery : Mount Sinai),Sinai Arabic 135,,Sinai. Old Collection,,,https://www.nli.org.il/en/manuscripts/NNL_ALEPH003871376/NLI,,"Statement of responsibility: Imaging performed under the auspices of His Eminence Archbishop Damianos and The Holy Council, Father Justin Sinaites Librarian, Early Manuscripts Electronic Library. Phelps Michael B. Project Director; Kasotakis Damianos. Imaging Director",Schneider | APO-DIGITAR 90/4.8 SES,11,The Holy Monastery of Saint Catherine Sinai | Kasotakis Vasilios | Galanis Lampros | Georgiades Christos
,,discovery,"Sinai Arabic 136. Lectionary (Gospels) : manuscript, 1685. St. Catherine's Monastery, Sinai, Egypt",,paged,21198/z1bk2gmg,ark:/21198/z1rr32h0,Work,copyrighted,Contact the Monastery of St. Catherine's of the Sinai. Metadata: Unless otherwise indicated all metadata associated with this manuscript is copyright the authors and released under Creative Commons Attribution 4.0 International License.,,,,,,1685,,1685,,,,,,,,,,,,,,,,,,,,,,,,,290 ff. ; 3285.6 g,Codex,326 x 226 x 94 mm,Paper,,,,,,,,,,,,text,Lectionaries|~|Manuscripts,ara,right-to-left,Arabic,,,,,,"To inquire about image rights, contact St. Catherine's Monastery, https://www.sinaimonastery.com, sinaimonastery@gmail.com.",Saint Catherine (Monastery : Mount Sinai),Sinai Arabic 136,,Sinai. Old Collection,,,https://www.nli.org.il/en/manuscripts/NNL_ALEPH003871377/NLI,,"Statement of responsibility: Imaging performed under the auspices of His Eminence Archbishop Damianos and The Holy Council, Father Justin Sinaites Librarian, Early Manuscripts Electronic Library. Phelps Michael B. Project Director; Kasotakis Damianos. Imaging Director",Schneider | APO-DIGITAR 90/4.8 SES,11,The Holy Monastery of Saint Catherine Sinai | Kasotakis Vasilios | Galanis Lampros | Georgiades Christos
,,discovery,"Sinai Arabic 143. Lectionary (Gospels) and Commentary : manuscript [ca 13th c.]. St. Catherine's Monastery, Sinai, Egypt",,paged,21198/z1bk2gmg,ark:/21198/z1n029sk,Work,copyrighted,Contact the Monastery of St. Catherine's of the Sinai. Metadata: Unless otherwise indicated all metadata associated with this manuscript is copyright the authors and released under Creative Commons Attribution 4.0 International License.,,,,,,1200/1299,,13th c.,,,,,,,,,,,,,,,,,,,Gibson,,,,,,201 ff. ; 893.5 g,Codex,194 x 152 x 61 mm,Paper,"Foliation begins on inside front board where the text starts, and then first folio is foliated as f. 2.",,,,,,,,,Rubrication,,text,Lectionaries|~|Sermons|~|Manuscripts,ara,right-to-left,Arabic,,,,,,"To inquire about image rights, contact St. Catherine's Monastery, https://www.sinaimonastery.com, sinaimonastery@gmail.com.",Saint Catherine (Monastery : Mount Sinai),Sinai Arabic 143,,Sinai. Old Collection,,,https://www.nli.org.il/en/manuscripts/NNL_ALEPH003891624/NLI,,"Statement of responsibility: Imaging performed under the auspices of His Eminence Archbishop Damianos and The Holy Council, Father Justin Sinaites Librarian, Early Manuscripts Electronic Library. Phelps Michael B. Project Director; Kasotakis Damianos. Imaging Director",Schneider | APO-DIGITAR 120/5.6 SES,11,The Holy Monastery of Saint Catherine Sinai | Kasotakis Vasilios | Galanis Lampros | Georgiades Christos
,,discovery,"Sinai Arabic 149. Akolouthiai : manuscript, 1254. St. Catherine's Monastery, Sinai, Egypt",,paged,21198/z1bk2gmg,ark:/21198/z1h71k28,Work,copyrighted,Contact the Monastery of St. Catherine's of the Sinai. Metadata: Unless otherwise indicated all metadata associated with this manuscript is copyright the authors and released under Creative Commons Attribution 4.0 International License.,,,,,,1254,,1254,,,,,,,,,,,,,,,,,,,,,,Greek from f. 58 to the end,,,98 ff. ; 639.9 g,Codex,206 x 148 x 52 mm,Paper,,,,,,,,,,,,text,Liturgical books|~|Manuscripts,ara|~|grc,right-to-left,Arabic|~|Ancient Greek,,,,,,"To inquire about image rights, contact St. Catherine's Monastery, https://www.sinaimonastery.com, sinaimonastery@gmail.com.",Saint Catherine (Monastery : Mount Sinai),Sinai Arabic 149,,Sinai. Old Collection,,,http://www.loc.gov/item/00279384350-ms/,,"Statement of responsibility: Imaging performed under the auspices of His Eminence Archbishop Damianos and The Holy Council, Father Justin Sinaites Librarian, Early Manuscripts Electronic Library. Phelps Michael B. Project Director; Kasotakis Damianos. Imaging Director",Schneider | APO-DIGITAR 120/5.6 SES,11,The Holy Monastery of Saint Catherine Sinai | Kasotakis Vasilios | Galanis Lampros | Georgiades Christos
,,discovery,"Sinai Arabic 175. Lectionary (Epistles and Acts) : manuscript, 1225. St. Catherine's Monastery, Sinai, Egypt",,paged,21198/z1bk2gmg,ark:/21198/z1cg0tdf,Work,copyrighted,Contact the Monastery of St. Catherine's of the Sinai. Metadata: Unless otherwise indicated all metadata associated with this manuscript is copyright the authors and released under Creative Commons Attribution 4.0 International License.,,,,,,1225,,1225,,,,,,,,,,,,,,,,,,,,,,,,,181 ff. ; 2318.7 g,Codex,301 x 223 x 84 mm,Paper,,,,,,,,,,Rubrication,,text,Lectionaries|~|Manuscripts,ara|~|grc,right-to-left,Arabic|~|Ancient Greek,Naskh,,,,,"To inquire about image rights, contact St. Catherine's Monastery, https://www.sinaimonastery.com, sinaimonastery@gmail.com.",Saint Catherine (Monastery : Mount Sinai),Sinai Arabic 175,,Sinai. Old Collection,,,http://www.loc.gov/item/00279384507-ms/,,"Statement of responsibility: Imaging performed under the auspices of His Eminence Archbishop Damianos and The Holy Council, Father Justin Sinaites Librarian, Early Manuscripts Electronic Library. Phelps Michael B. Project Director; Kasotakis Damianos. Imaging Director",Schneider | APO-DIGITAR 90/4.8 SES,11,The Holy Monastery of Saint Catherine Sinai | Kasotakis Vasilios | Galanis Lampros | Georgiades Christos
,,discovery,"Sinai Arabic 188. Horologion : manuscript [ca 13th c.]. St. Catherine's Monastery, Sinai, Egypt",,paged,21198/z1bk2gmg,ark:/21198/z17q02r0,Work,copyrighted,Contact the Monastery of St. Catherine's of the Sinai. Metadata: Unless otherwise indicated all metadata associated with this manuscript is copyright the authors and released under Creative Commons Attribution 4.0 International License.,,,,Orthodox Eastern Church. Horologion. Arabic,,1200/1299,,13th c.,,,,,,,,,,,,,,,,,,,Gibson,,,,,,213 ff. ; 957.1 g,Codex,206 x 154 x 82 mm,Paper,ff. 101 and 111 lacking,,,,,,,,,,Early Greek majuscule parchment used for repairs,text,Liturgical books|~|Hymnals|~|Manuscripts,ara,right-to-left,Arabic,,,,,,"To inquire about image rights, contact St. Catherine's Monastery, https://www.sinaimonastery.com, sinaimonastery@gmail.com.",Saint Catherine (Monastery : Mount Sinai),Sinai Arabic 188,,Sinai. Old Collection,,,https://www.nli.org.il/en/manuscripts/NNL_ALEPH003891644/NLI,,"Statement of responsibility: Imaging performed under the auspices of His Eminence Archbishop Damianos and The Holy Council, Father Justin Sinaites Librarian, Early Manuscripts Electronic Library. Phelps Michael B. Project Director; Kasotakis Damianos. Imaging Director",Schneider | APO-DIGITAR 120/5.6 SES,11,The Holy Monastery of Saint Catherine Sinai | Kasotakis Vasilios | Galanis Lampros | Georgiades Christos
,,discovery,"Sinai Arabic 194. Horologion : manuscript [ca 13th c.]. St. Catherine's Monastery, Sinai, Egypt",,paged,21198/z1bk2gmg,ark:/21198/z14181d9,Work,copyrighted,Contact the Monastery of St. Catherine's of the Sinai. Metadata: Unless otherwise indicated all metadata associated with this manuscript is copyright the authors and released under Creative Commons Attribution 4.0 International License.,,,,Orthodox Eastern Church. Horologion. Arabic,,1200/1299,,13th c.,,,,,,,,,,,,,,,,,,,Gibson,,,,,,169 ff. ; 791.6 g,Codex,193 x 145 x 73 mm,Paper,,,,,,,,,,,"Leaves worn, dark, and fragile, with a few repairs",text,Liturgical books|~|Hymnals|~|Manuscripts,ara,right-to-left,Arabic,,,,,,"To inquire about image rights, contact St. Catherine's Monastery, https://www.sinaimonastery.com, sinaimonastery@gmail.com.",Saint Catherine (Monastery : Mount Sinai),Sinai Arabic 194,,Sinai. Old Collection,,,https://www.nli.org.il/en/manuscripts/NNL_ALEPH003891650/NLI,,"Statement of responsibility: Imaging performed under the auspices of His Eminence Archbishop Damianos and The Holy Council, Father Justin Sinaites Librarian, Early Manuscripts Electronic Library. Phelps Michael B. Project Director; Kasotakis Damianos. Imaging Director",Schneider | APO-DIGITAR 120/5.6 SES,11,The Holy Monastery of Saint Catherine Sinai | Kasotakis Vasilios | Galanis Lampros | Georgiades Christos
,,discovery,"Sinai Arabic 195. Horologion : manuscript [ca 13th c.]. St. Catherine's Monastery, Sinai, Egypt",,paged,21198/z1bk2gmg,ark:/21198/z10878n4,Work,copyrighted,Contact the Monastery of St. Catherine's of the Sinai. Metadata: Unless otherwise indicated all metadata associated with this manuscript is copyright the authors and released under Creative Commons Attribution 4.0 International License.,,,,Orthodox Eastern Church. Horologion. Arabic,,1200/1299,,13th c.,,,,,,,,,,,,,,,,,,,Gibson,,,,,,140 ff. ; 841.5 g,Codex,193 x 154 x 64 mm,Paper,ff. 78 and 91 lacking,,,,,,,,,Rubrication,All pages stained with brown wax. ff. 111–126 loose. Back board lacking. Many leaves damaged with minor loss of text at the edges.,text,Liturgical books|~|Hymnals|~|Manuscripts,ara,right-to-left,Arabic,,,,,,"To inquire about image rights, contact St. Catherine's Monastery, https://www.sinaimonastery.com, sinaimonastery@gmail.com.",Saint Catherine (Monastery : Mount Sinai),Sinai Arabic 195,,Sinai. Old Collection,,,https://www.nli.org.il/en/manuscripts/NNL_ALEPH003891651/NLI,,"Statement of responsibility: Imaging performed under the auspices of His Eminence Archbishop Damianos and The Holy Council, Father Justin Sinaites Librarian, Early Manuscripts Electronic Library. Phelps Michael B. Project Director; Kasotakis Damianos. Imaging Director",Schneider | APO-DIGITAR 120/5.6 SES,11,The Holy Monastery of Saint Catherine Sinai | Kasotakis Vasilios | Galanis Lampros | Georgiades Christos
,,discovery,"Sinai Arabic 199. Horologion : manuscript [ca 18-19th c.]. St. Catherine's Monastery, Sinai, Egypt",,paged,21198/z1bk2gmg,ark:/21198/z1vh6s4d,Work,copyrighted,Contact the Monastery of St. Catherine's of the Sinai. Metadata: Unless otherwise indicated all metadata associated with this manuscript is copyright the authors and released under Creative Commons Attribution 4.0 International License.,,,,Orthodox Eastern Church. Horologion. Arabic,,1700/1899,,18-19th c.,,,,,,,,,,,,,,,,,,,Gibson,,,According to Gibson: Euchologion,,,150 ff. ; 628.5 g,Codex,225 x 165 x 39 mm,Paper,f. 3 lacking,,,,,,,,,,,text,Liturgical books|~|Hymnals|~|Manuscripts,ara,right-to-left,Arabic,,,,,,"To inquire about image rights, contact St. Catherine's Monastery, https://www.sinaimonastery.com, sinaimonastery@gmail.com.",Saint Catherine (Monastery : Mount Sinai),Sinai Arabic 199,,Sinai. Old Collection,,,https://www.nli.org.il/en/manuscripts/NNL_ALEPH003891654/NLI,,"Statement of responsibility: Imaging performed under the auspices of His Eminence Archbishop Damianos and The Holy Council, Father Justin Sinaites Librarian, Early Manuscripts Electronic Library. Phelps Michael B. Project Director; Kasotakis Damianos. Imaging Director",Schneider | APO-DIGITAR 120/5.6 SES,11,The Holy Monastery of Saint Catherine Sinai | Kasotakis Vasilios | Galanis Lampros | Georgiades Christos
,,discovery,"Sinai Arabic 205. Horologion : manuscript [ca 13th c.]. St. Catherine's Monastery, Sinai, Egypt",,paged,21198/z1bk2gmg,ark:/21198/z1qr61d2,Work,copyrighted,Contact the Monastery of St. Catherine's of the Sinai. Metadata: Unless otherwise indicated all metadata associated with this manuscript is copyright the authors and released under Creative Commons Attribution 4.0 International License.,,,,Orthodox Eastern Church. Horologion. Arabic,,1200/1299,,13th c.,,,,,,,,,,,,,,,,,,,"Kamil, Gibson",,,,,,62 ff. ; 236.9 g,Codex,207 x 152 x 23 mm,Paper,,,,,,,,,,Rubrication,Only a fragment of the front cover at top remains. Back board lacking.,text,Liturgical books|~|Hymnals|~|Manuscripts,ara,right-to-left,Arabic,,,,,,"To inquire about image rights, contact St. Catherine's Monastery, https://www.sinaimonastery.com, sinaimonastery@gmail.com.",Saint Catherine (Monastery : Mount Sinai),Sinai Arabic 205,,Sinai. Old Collection,,,https://www.nli.org.il/en/manuscripts/NNL_ALEPH003871387/NLI,,"Statement of responsibility: Imaging performed under the auspices of His Eminence Archbishop Damianos and The Holy Council, Father Justin Sinaites Librarian, Early Manuscripts Electronic Library. Phelps Michael B. Project Director; Kasotakis Damianos. Imaging Director",Schneider | APO-DIGITAR 120/5.6 SES,11,The Holy Monastery of Saint Catherine Sinai | Kasotakis Vasilios | Galanis Lampros | Georgiades Christos
,,discovery,"Sinai Arabic 229. Sticherarion and Theotokia : manuscript [ca 13th c.]. St. Catherine's Monastery, Sinai, Egypt",,paged,21198/z1bk2gmg,ark:/21198/z1m058q3,Work,copyrighted,Contact the Monastery of St. Catherine's of the Sinai. Metadata: Unless otherwise indicated all metadata associated with this manuscript is copyright the authors and released under Creative Commons Attribution 4.0 International License.,,,,,,1200/1299,,13th c.,,,,,,,,,,,,,,,,,,,Gibson,,,According to Gibson: Euchologion,,,142 ff. ; 583.1 g,Codex,187 x 137 x 55 mm,Paper,,,,,,,,,,,,text,Liturgical books|~|Musical notation|~|Hymnals|~|Manuscripts,ara,right-to-left,Arabic,,,,,,"To inquire about image rights, contact St. Catherine's Monastery, https://www.sinaimonastery.com, sinaimonastery@gmail.com.",Saint Catherine (Monastery : Mount Sinai),Sinai Arabic 229,,Sinai. Old Collection,,,https://www.nli.org.il/en/manuscripts/NNL_ALEPH003871394/NLI,,"Statement of responsibility: Imaging performed under the auspices of His Eminence Archbishop Damianos and The Holy Council, Father Justin Sinaites Librarian, Early Manuscripts Electronic Library. Phelps Michael B. Project Director; Kasotakis Damianos. Imaging Director",Schneider | APO-DIGITAR 120/5.6 SES,11,The Holy Monastery of Saint Catherine Sinai | Kasotakis Vasilios | Galanis Lampros | Georgiades Christos
,,discovery,"Sinai Arabic 240. Liturgical Hymns : manuscript, 1337. St. Catherine's Monastery, Sinai, Egypt",,paged,21198/z1bk2gmg,ark:/21198/z1g74j2p,Work,copyrighted,Contact the Monastery of St. Catherine's of the Sinai. Metadata: Unless otherwise indicated all metadata associated with this manuscript is copyright the authors and released under Creative Commons Attribution 4.0 International License.,,,ألحان,,,1337,,1337,,,,,,,,,,,,,"Kanons, Troparia, Chants, Theotokia",,,,,,"Kamil, Gibson",,,,,,197 ff. ; 966.9 g,Codex,188 x 153 x 75 mm,Paper,,,,,,,,,,,,text,Liturgical books|~|Hymnals|~|Manuscripts,ara,right-to-left,Arabic,,,,,,"To inquire about image rights, contact St. Catherine's Monastery, https://www.sinaimonastery.com, sinaimonastery@gmail.com.",Saint Catherine (Monastery : Mount Sinai),Sinai Arabic 240,,Sinai. Old Collection,,,https://www.nli.org.il/en/manuscripts/NNL_ALEPH003871403/NLI,,"Statement of responsibility: Imaging performed under the auspices of His Eminence Archbishop Damianos and The Holy Council, Father Justin Sinaites Librarian, Early Manuscripts Electronic Library. Phelps Michael B. Project Director; Kasotakis Damianos. Imaging Director",Schneider | APO-DIGITAR 120/5.6 SES,11,The Holy Monastery of Saint Catherine Sinai | Kasotakis Vasilios | Galanis Lampros | Georgiades Christos
,,discovery,"Sinai Arabic 252. Liturgica : manuscript, 1010. St. Catherine's Monastery, Sinai, Egypt",,paged,21198/z1bk2gmg,ark:/21198/z1bk2gnx,Work,copyrighted,Contact the Monastery of St. Catherine's of the Sinai. Metadata: Unless otherwise indicated all metadata associated with this manuscript is copyright the authors and released under Creative Commons Attribution 4.0 International License.,,,,,,1010,,1010,,,,,,,,,,,,,,,,,,,,,,,,,167 ff. ; 821.4 g,Codex,186 x 143 x 76 mm,Paper,,,,,,,,,,,,text,Liturgical books|~|Manuscripts,ara|~|grc,right-to-left,Arabic|~|Ancient Greek,,,,,,"To inquire about image rights, contact St. Catherine's Monastery, https://www.sinaimonastery.com, sinaimonastery@gmail.com.",Saint Catherine (Monastery : Mount Sinai),Sinai Arabic 252,,Sinai. Old Collection,,,http://www.loc.gov/item/00279384647-ms/,,"Statement of responsibility: Imaging performed under the auspices of His Eminence Archbishop Damianos and The Holy Council, Father Justin Sinaites Librarian, Early Manuscripts Electronic Library. Phelps Michael B. Project Director; Kasotakis Damianos. Imaging Director",Schneider | APO-DIGITAR 120/5.6 SES,11,The Holy Monastery of Saint Catherine Sinai | Kasotakis Vasilios | Galanis Lampros | Georgiades Christos
,,discovery,"Sinai Arabic 260. Euchologion : manuscript [ca 13th c.]. St. Catherine's Monastery, Sinai, Egypt",,paged,21198/z1bk2gmg,ark:/21198/z16t1r1z,Work,copyrighted,Contact the Monastery of St. Catherine's of the Sinai. Metadata: Unless otherwise indicated all metadata associated with this manuscript is copyright the authors and released under Creative Commons Attribution 4.0 International License.,,,,Orthodox Eastern Church. Euchologion,,1200/1299,,13th c.,,,,,,,,,,,,,,,,,,,Gibson,,,,,,43 ff. ; 342.8 g,Codex,206 x 133 x 34 mm,Paper,,,,,,,,,,,Rodent damage on last three folia,text,Liturgical books|~|Manuscripts,ara,right-to-left,Arabic,,,,,,"To inquire about image rights, contact St. Catherine's Monastery, https://www.sinaimonastery.com, sinaimonastery@gmail.com.",Saint Catherine (Monastery : Mount Sinai),Sinai Arabic 260,,Sinai. Old Collection,,,https://www.nli.org.il/en/manuscripts/NNL_ALEPH003891670/NLI,,"Statement of responsibility: Imaging performed under the auspices of His Eminence Archbishop Damianos and The Holy Council, Father Justin Sinaites Librarian, Early Manuscripts Electronic Library. Phelps Michael B. Project Director; Kasotakis Damianos. Imaging Director",Schneider | APO-DIGITAR 120/5.6 SES,11,The Holy Monastery of Saint Catherine Sinai | Kasotakis Vasilios | Galanis Lampros | Georgiades Christos
,,discovery,"Sinai Arabic 265. Typikon : manuscript [ca 13th c.]. St. Catherine's Monastery, Sinai, Egypt",,paged,21198/z1bk2gmg,ark:/21198/z132108g,Work,copyrighted,Contact the Monastery of St. Catherine's of the Sinai. Metadata: Unless otherwise indicated all metadata associated with this manuscript is copyright the authors and released under Creative Commons Attribution 4.0 International License.,,,,Orthodox Eastern Church. Typikon,,1200/1299,,13th c.,,,,,,,,,,,,,,,,,,,,,,,,,192 ff. ; 790.1 g,Codex,189 x 133 x 62 mm,Paper,,,,,"Decorative illustration on ff. 163r and 190v. Illustrations of saint on ff. 191v, and 192r.",,,,,Rubrication|~|Illustrated,Only a fragment of f. 150 remains.,text,Liturgical books|~|Manuscripts,ara,right-to-left,Arabic,,,,,,"To inquire about image rights, contact St. Catherine's Monastery, https://www.sinaimonastery.com, sinaimonastery@gmail.com.",Saint Catherine (Monastery : Mount Sinai),Sinai Arabic 265,,Sinai. Old Collection,,,https://www.nli.org.il/en/manuscripts/NNL_ALEPH003871416/NLI,,"Statement of responsibility: Imaging performed under the auspices of His Eminence Archbishop Damianos and The Holy Council, Father Justin Sinaites Librarian, Early Manuscripts Electronic Library. Phelps Michael B. Project Director; Kasotakis Damianos. Imaging Director",Schneider | APO-DIGITAR 90/4.8 SES,11,The Holy Monastery of Saint Catherine Sinai | Kasotakis Vasilios | Galanis Lampros | Georgiades Christos
,,discovery,"Sinai Arabic 276. Mimars of Gregory the Theologian : manuscript, 1223. St. Catherine's Monastery, Sinai, Egypt",,paged,21198/z1bk2gmg,ark:/21198/z1z90gqw,Work,copyrighted,Contact the Monastery of St. Catherine's of the Sinai. Metadata: Unless otherwise indicated all metadata associated with this manuscript is copyright the authors and released under Creative Commons Attribution 4.0 International License.,,,,,,1223,,1223,,,,"Gregory, of Nazianzus, Saint",,,,,,,,,,,,,,,,,,,,,358 ff. ; 2402.3 g,Codex,256 x 185 x 99 mm,Paper,"ff. 267, 268, and 269 lacking",,,,,,,,,,Some folio numbers extremely faint,text,Manuscripts,ara,right-to-left,Arabic,,,,,,"To inquire about image rights, contact St. Catherine's Monastery, https://www.sinaimonastery.com, sinaimonastery@gmail.com.",Saint Catherine (Monastery : Mount Sinai),Sinai Arabic 276,,Sinai. Old Collection,,,https://www.nli.org.il/en/manuscripts/NNL_ALEPH003870996/NLI,,"Statement of responsibility: Imaging performed under the auspices of His Eminence Archbishop Damianos and The Holy Council, Father Justin Sinaites Librarian, Early Manuscripts Electronic Library. Phelps Michael B. Project Director; Kasotakis Damianos. Imaging Director",Schneider | APO-DIGITAR 90/4.8 SES,11,The Holy Monastery of Saint Catherine Sinai | Kasotakis Vasilios | Galanis Lampros | Georgiades Christos
,,discovery,"Sinai Arabic 295. John Chrysostom's Commentary on the Gospel of John : manuscript [ca 12-13th c.]. St. Catherine's Monastery, Sinai, Egypt",,paged,21198/z1bk2gmg,ark:/21198/z1th9r01,Work,copyrighted,Contact the Monastery of St. Catherine's of the Sinai. Metadata: Unless otherwise indicated all metadata associated with this manuscript is copyright the authors and released under Creative Commons Attribution 4.0 International License.,,,,"John Chrysostom, Saint, -407. Homilies on John",,1100/1299,,12-13th c.,,,,"John Chrysostom, Saint, -407",,,,,,,,,,,,,,,,,,,,,99 ff. ; 309.8 g,Codex,208 x 143 x 26 mm,Paper,,,,,,,,,,,Front and back boards lacking,text,Sermons|~|Manuscripts,ara,right-to-left,Arabic,,,,,,"To inquire about image rights, contact St. Catherine's Monastery, https://www.sinaimonastery.com, sinaimonastery@gmail.com.",Saint Catherine (Monastery : Mount Sinai),Sinai Arabic 295,,Sinai. Old Collection,,,https://www.nli.org.il/en/manuscripts/NNL_ALEPH003871003/NLI,,"Statement of responsibility: Imaging performed under the auspices of His Eminence Archbishop Damianos and The Holy Council, Father Justin Sinaites Librarian, Early Manuscripts Electronic Library. Phelps Michael B. Project Director; Kasotakis Damianos. Imaging Director",Schneider | APO-DIGITAR 120/5.6 SES,11,The Holy Monastery of Saint Catherine Sinai | Kasotakis Vasilios | Galanis Lampros | Georgiades Christos
,,discovery,"Sinai Arabic 367. Mimars : manuscript [ca 13th c.]. St. Catherine's Monastery, Sinai, Egypt",,paged,21198/z1bk2gmg,ark:/21198/z1pr908p,Work,copyrighted,Contact the Monastery of St. Catherine's of the Sinai. Metadata: Unless otherwise indicated all metadata associated with this manuscript is copyright the authors and released under Creative Commons Attribution 4.0 International License.,,,Apophthegmata,,,1200/1299,,13th c.,,,,,,,,,,,,,,,,,,,,,,f. 24 is a smaller insert.,,,175 ff. ; 675.7 g,Codex,207 x 144 x 48 mm,Paper,,,,,,,,,,,Front and back boards lacking,text,Manuscripts,ara,right-to-left,Arabic,,,,,,"To inquire about image rights, contact St. Catherine's Monastery, https://www.sinaimonastery.com, sinaimonastery@gmail.com.",Saint Catherine (Monastery : Mount Sinai),Sinai Arabic 367,,Sinai. Old Collection,,,https://www.nli.org.il/en/manuscripts/NNL_ALEPH003871026/NLI,,"Statement of responsibility: Imaging performed under the auspices of His Eminence Archbishop Damianos and The Holy Council, Father Justin Sinaites Librarian, Early Manuscripts Electronic Library. Phelps Michael B. Project Director; Kasotakis Damianos. Imaging Director",Schneider | APO-DIGITAR 90/4.8 SES,11,The Holy Monastery of Saint Catherine Sinai | Kasotakis Vasilios | Galanis Lampros | Georgiades Christos
,,discovery,"Sinai Arabic 408. Menologion : manuscript, 1258. St. Catherine's Monastery, Sinai, Egypt",,paged,21198/z1bk2gmg,ark:/21198/z1k087nm,Work,copyrighted,Contact the Monastery of St. Catherine's of the Sinai. Metadata: Unless otherwise indicated all metadata associated with this manuscript is copyright the authors and released under Creative Commons Attribution 4.0 International License.,,,,Orthodox Eastern Church. Menologion,,1258,,1258,,,,,,,,,,,,,,,,,,,,,,,,,165 ff. ; 3296.2 g,Codex,373 x 270 x 73 mm,Paper,,,,,,,,,,,,text,Hagiographies|~|Manuscripts,ara,right-to-left,Arabic,,,,,,"To inquire about image rights, contact St. Catherine's Monastery, https://www.sinaimonastery.com, sinaimonastery@gmail.com.",Saint Catherine (Monastery : Mount Sinai),Sinai Arabic 408,,Sinai. Old Collection,,,http://www.loc.gov/item/00279389980-ms/,,"Statement of responsibility: Imaging performed under the auspices of His Eminence Archbishop Damianos and The Holy Council, Father Justin Sinaites Librarian, Early Manuscripts Electronic Library. Phelps Michael B. Project Director; Kasotakis Damianos. Imaging Director",Schneider | APO-DIGITAR 90/4.8 SES,11,The Holy Monastery of Saint Catherine Sinai | Kasotakis Vasilios | Galanis Lampros | Georgiades Christos
,,discovery,"Sinai Arabic 409. Menologion : manuscript, 1200. St. Catherine's Monastery, Sinai, Egypt",,paged,21198/z1bk2gmg,ark:/21198/z1fb6678,Work,copyrighted,Contact the Monastery of St. Catherine's of the Sinai. Metadata: Unless otherwise indicated all metadata associated with this manuscript is copyright the authors and released under Creative Commons Attribution 4.0 International License.,,,,Orthodox Eastern Church. Menologion,,1200,,1200,,,,,,,,,,,,,,,,,,,,,,,,,204 ff. ; 2764.7 g,Codex,322 x 235 x 70 mm,Paper,,,,,,,,,,,,text,Hagiographies|~|Manuscripts,ara,right-to-left,Arabic,,,,,,"To inquire about image rights, contact St. Catherine's Monastery, https://www.sinaimonastery.com, sinaimonastery@gmail.com.",Saint Catherine (Monastery : Mount Sinai),Sinai Arabic 409,,Sinai. Old Collection,,,http://www.loc.gov/item/00279388471-ms/,,"Statement of responsibility: Imaging performed under the auspices of His Eminence Archbishop Damianos and The Holy Council, Father Justin Sinaites Librarian, Early Manuscripts Electronic Library. Phelps Michael B. Project Director; Kasotakis Damianos. Imaging Director",Schneider | APO-DIGITAR 90/4.8 SES,11,The Holy Monastery of Saint Catherine Sinai | Kasotakis Vasilios | Galanis Lampros | Georgiades Christos
,,discovery,"Sinai Arabic 411. Hagiographica - Patristica : manuscript, 1287. St. Catherine's Monastery, Sinai, Egypt",,paged,21198/z1bk2gmg,ark:/21198/z19k5fkf,Work,copyrighted,Contact the Monastery of St. Catherine's of the Sinai. Metadata: Unless otherwise indicated all metadata associated with this manuscript is copyright the authors and released under Creative Commons Attribution 4.0 International License.,,,,,,1287,,1287,,,,,,,,,,,,,,,,,,,,,,,,,209 ff. ; 1044.1 g,Codex,192 x 155 x 74 mm,Paper,,,,,,,,,,,Loose quires,text,Hagiographies|~|Manuscripts,ara,right-to-left,Arabic,,,,,,"To inquire about image rights, contact St. Catherine's Monastery, https://www.sinaimonastery.com, sinaimonastery@gmail.com.",Saint Catherine (Monastery : Mount Sinai),Sinai Arabic 411,,Sinai. Old Collection,,,http://www.loc.gov/item/00279388446-ms/,,"Statement of responsibility: Imaging performed under the auspices of His Eminence Archbishop Damianos and The Holy Council, Father Justin Sinaites Librarian, Early Manuscripts Electronic Library. Phelps Michael B. Project Director; Kasotakis Damianos. Imaging Director",Schneider | APO-DIGITAR 90/4.8 SES,11,The Holy Monastery of Saint Catherine Sinai | Kasotakis Vasilios | Galanis Lampros | Georgiades Christos
,,discovery,"Sinai Arabic 419. Synaxarion : manuscript, 1307. St. Catherine's Monastery, Sinai, Egypt",,paged,21198/z1bk2gmg,ark:/21198/z15t4pt8,Work,copyrighted,Contact the Monastery of St. Catherine's of the Sinai. Metadata: Unless otherwise indicated all metadata associated with this manuscript is copyright the authors and released under Creative Commons Attribution 4.0 International License.,,,,Orthodox Eastern Church. Synaxarion,,1307,,1307,,,,,,,,,,,,,,,,,,,,,,According to Gibson: Kanons and Martyrologion,,,313 ff. ; 2146.5 g,Codex,276 x 196 x 80 mm,Paper,,,,,,,,,,,Front board lacking,text,Lectionaries|~|Liturgical books|~|Manuscripts,ara,right-to-left,Arabic,,,,,,"To inquire about image rights, contact St. Catherine's Monastery, https://www.sinaimonastery.com, sinaimonastery@gmail.com.",Saint Catherine (Monastery : Mount Sinai),Sinai Arabic 419,,Sinai. Old Collection,,,https://www.nli.org.il/en/manuscripts/NNL_ALEPH003871423/NLI,,"Statement of responsibility: Imaging performed under the auspices of His Eminence Archbishop Damianos and The Holy Council, Father Justin Sinaites Librarian, Early Manuscripts Electronic Library. Phelps Michael B. Project Director; Kasotakis Damianos. Imaging Director",Schneider | APO-DIGITAR 90/4.8 SES,11,The Holy Monastery of Saint Catherine Sinai | Kasotakis Vasilios | Galanis Lampros | Georgiades Christos
,,discovery,"Sinai Arabic 420. Synaxarion : manuscript, 1288. St. Catherine's Monastery, Sinai, Egypt",,paged,21198/z1bk2gmg,ark:/21198/z1223z2t,Work,copyrighted,Contact the Monastery of St. Catherine's of the Sinai. Metadata: Unless otherwise indicated all metadata associated with this manuscript is copyright the authors and released under Creative Commons Attribution 4.0 International License.,,,,Orthodox Eastern Church. Synaxarion,,1288,,1288,,,,,,,,,,,,,,,,,,,,,,,,,194 ff. ; 2242.1 g,Codex,305 x 234 x 88 mm,Paper,,,,,,,,,,,2/3 of front board split and lacking. Spine torn at the bottom.,text,Lectionaries|~|Liturgical books|~|Manuscripts,ara,right-to-left,Arabic,,,,,,"To inquire about image rights, contact St. Catherine's Monastery, https://www.sinaimonastery.com, sinaimonastery@gmail.com.",Saint Catherine (Monastery : Mount Sinai),Sinai Arabic 420,,Sinai. Old Collection,,,http://www.loc.gov/item/00279390854-ms/,,"Statement of responsibility: Imaging performed under the auspices of His Eminence Archbishop Damianos and The Holy Council, Father Justin Sinaites Librarian, Early Manuscripts Electronic Library. Phelps Michael B. Project Director; Kasotakis Damianos. Imaging Director",Schneider | APO-DIGITAR 90/4.8 SES,11,The Holy Monastery of Saint Catherine Sinai | Kasotakis Vasilios | Galanis Lampros | Georgiades Christos
,,discovery,"Sinai Arabic 441. Mimars, Lives of Saints, and Varia : manuscript, 1196. St. Catherine's Monastery, Sinai, Egypt",,paged,21198/z1bk2gmg,ark:/21198/z1x93fkh,Work,copyrighted,Contact the Monastery of St. Catherine's of the Sinai. Metadata: Unless otherwise indicated all metadata associated with this manuscript is copyright the authors and released under Creative Commons Attribution 4.0 International License.,,,,,,1196,,1196,,,,,,,,,,,,,,,,,,,,,,,,,324 ff. ; 1656.0 g,Codex,241 x 191 x 84 mm,Paper,,,,,,,,,,,Broken in places. Some folia loose. Tight between ff. 238–39.,text,Hagiographies|~|Manuscripts,ara,right-to-left,Arabic,,,,,,"To inquire about image rights, contact St. Catherine's Monastery, https://www.sinaimonastery.com, sinaimonastery@gmail.com.",Saint Catherine (Monastery : Mount Sinai),Sinai Arabic 441,,Sinai. Old Collection,,,http://www.loc.gov/item/00279390982-ms/,,"Statement of responsibility: Imaging performed under the auspices of His Eminence Archbishop Damianos and The Holy Council, Father Justin Sinaites Librarian, Early Manuscripts Electronic Library. Phelps Michael B. Project Director; Kasotakis Damianos. Imaging Director",Schneider | APO-DIGITAR 90/4.8 SES,11,The Holy Monastery of Saint Catherine Sinai | Kasotakis Vasilios | Galanis Lampros | Georgiades Christos
,,discovery,"Sinai Arabic 454. Varia : manuscript, 1241. St. Catherine's Monastery, Sinai, Egypt",,paged,21198/z1bk2gmg,ark:/21198/z1sj2pw7,Work,copyrighted,Contact the Monastery of St. Catherine's of the Sinai. Metadata: Unless otherwise indicated all metadata associated with this manuscript is copyright the authors and released under Creative Commons Attribution 4.0 International License.,,,Apophthegmata,,,1241,,1241,,,,"Antiochus, monk of Palestine, active 7th century|~|Athanasius, Saint, Patriarch of Alexandria, -373|~|Athanasius, Athonites, Saint, approximately 930-approximately 1010|~|Nilus, of Ancyra, Saint, -approximately 430",,,,,,,,,"Antiochos: Pandektes, Athanasins: 138 Problem, Bios of Scetis: Mimars, Commentary on the Creed [?], The Epistle of Jesus to King Abgar",,,,,,,,,,,,67 ff. ; 574.1 g,Codex,253 x 185 x 49 mm,Paper,,,,,,Multiple inscriptions on last folio (recto and verso),,,,,,text,Catechisms|~|Sermons|~|Manuscripts,ara|~|grc,right-to-left,Arabic|~|Ancient Greek,,,,,,"To inquire about image rights, contact St. Catherine's Monastery, https://www.sinaimonastery.com, sinaimonastery@gmail.com.",Saint Catherine (Monastery : Mount Sinai),Sinai Arabic 454,,Sinai. Old Collection,,,https://www.nli.org.il/en/manuscripts/NNL_ALEPH003890983/NLI,,"Statement of responsibility: Imaging performed under the auspices of His Eminence Archbishop Damianos and The Holy Council, Father Justin Sinaites Librarian, Early Manuscripts Electronic Library. Phelps Michael B. Project Director; Kasotakis Damianos. Imaging Director",Schneider | APO-DIGITAR 90/4.8 SES,11,The Holy Monastery of Saint Catherine Sinai | Kasotakis Vasilios | Galanis Lampros | Georgiades Christos
,,discovery,"Sinai Arabic 466. Synaxarion : manuscript [ca 13th c.]. St. Catherine's Monastery, Sinai, Egypt",,paged,21198/z1bk2gmg,ark:/21198/z1ns1z88,Work,copyrighted,Contact the Monastery of St. Catherine's of the Sinai. Metadata: Unless otherwise indicated all metadata associated with this manuscript is copyright the authors and released under Creative Commons Attribution 4.0 International License.,,,,,,1200/1299,,13th c.,,,,,,,,,,,,,,,,,,,,,,,,,209 ff. ; 774.1 g,Codex,191 x 140 x 62 mm,Paper,,,,,,,,,,,ff. 1–52 rodent damage with loss of text,text,Lectionaries|~|Liturgical books|~|Manuscripts,ara,right-to-left,Arabic,,,,,,"To inquire about image rights, contact St. Catherine's Monastery, https://www.sinaimonastery.com, sinaimonastery@gmail.com.",Saint Catherine (Monastery : Mount Sinai),Sinai Arabic 466,,Sinai. Old Collection,,,https://www.nli.org.il/en/manuscripts/NNL_ALEPH003891675/NLI,,"Statement of responsibility: Imaging performed under the auspices of His Eminence Archbishop Damianos and The Holy Council, Father Justin Sinaites Librarian, Early Manuscripts Electronic Library. Phelps Michael B. Project Director; Kasotakis Damianos. Imaging Director",Schneider | APO-DIGITAR 120/5.6 SES,11,The Holy Monastery of Saint Catherine Sinai | Kasotakis Vasilios | Galanis Lampros | Georgiades Christos
,,discovery,"Sinai Arabic 496. Apophthegmata : manuscript, 1239. St. Catherine's Monastery, Sinai, Egypt",,paged,21198/z1bk2gmg,ark:/21198/z1j39wv8,Work,copyrighted,Contact the Monastery of St. Catherine's of the Sinai. Metadata: Unless otherwise indicated all metadata associated with this manuscript is copyright the authors and released under Creative Commons Attribution 4.0 International License.,,,,,,1239,,1239,,,,,,,,,,,,,,,,,,,,,,,,,171 ff. ; 804.8 g,Codex,208 x 146 x 51 mm,Paper,f. 172 glued down to inside back board,,,,,,,,,,Front board lacking,text,Manuscripts,ara,right-to-left,Arabic,,,,,,"To inquire about image rights, contact St. Catherine's Monastery, https://www.sinaimonastery.com, sinaimonastery@gmail.com.",Saint Catherine (Monastery : Mount Sinai),Sinai Arabic 496,,Sinai. Old Collection,,,http://www.loc.gov/item/00279390106-ms/,,"Statement of responsibility: Imaging performed under the auspices of His Eminence Archbishop Damianos and The Holy Council, Father Justin Sinaites Librarian, Early Manuscripts Electronic Library. Phelps Michael B. Project Director; Kasotakis Damianos. Imaging Director",Schneider | APO-DIGITAR 90/4.8 SES,11,The Holy Monastery of Saint Catherine Sinai | Kasotakis Vasilios | Galanis Lampros | Georgiades Christos
,,discovery,"Sinai Arabic 508. Patristica : manuscript, 900. St. Catherine's Monastery, Sinai, Egypt",,paged,21198/z1bk2gmg,ark:/21198/z1db957p,Work,copyrighted,Contact the Monastery of St. Catherine's of the Sinai. Metadata: Unless otherwise indicated all metadata associated with this manuscript is copyright the authors and released under Creative Commons Attribution 4.0 International License.,,,,,,900,,900,,,,,,,,,,,,,,,,,,,,,,,,,158 ff. ; 491.2 g,Codex,210 x 164 x 38 mm,Paper|~|Parchment,f. 133 lacking,,,,,,,,,,Front or back boards lacking. First two leaves fragile. ff. 80–84 parchment.,text,Manuscripts,ara,right-to-left,Arabic,,,,,,"To inquire about image rights, contact St. Catherine's Monastery, https://www.sinaimonastery.com, sinaimonastery@gmail.com.",Saint Catherine (Monastery : Mount Sinai),Sinai Arabic 508,,Sinai. Old Collection,,,http://www.loc.gov/item/00279390167-ms/,,"Statement of responsibility: Imaging performed under the auspices of His Eminence Archbishop Damianos and The Holy Council, Father Justin Sinaites Librarian, Early Manuscripts Electronic Library. Phelps Michael B. Project Director; Kasotakis Damianos. Imaging Director",Schneider | APO-DIGITAR 120/5.6 SES,11,The Holy Monastery of Saint Catherine Sinai | Kasotakis Vasilios | Galanis Lampros | Georgiades Christos
,,discovery,"Sinai Arabic 510. Varia : manuscript [ca 13th c.]. St. Catherine's Monastery, Sinai, Egypt",,paged,21198/z1bk2gmg,ark:/21198/z18k8ddm,Work,copyrighted,Contact the Monastery of St. Catherine's of the Sinai. Metadata: Unless otherwise indicated all metadata associated with this manuscript is copyright the authors and released under Creative Commons Attribution 4.0 International License.,,,Apophthegmata,,,1200/1299,,13th c.,,,,,,,,,,,,,"Selection of Mimars, The story of John of Dailam",,,,,,,,,,,,205 ff. ; 849.1 g,Codex,187 x 145 x 66 mm,Paper,f. 199 lacking,,,,,,,,,,,text,Hagiographies|~|Manuscripts,ara,right-to-left,Arabic,,,,,,"To inquire about image rights, contact St. Catherine's Monastery, https://www.sinaimonastery.com, sinaimonastery@gmail.com.",Saint Catherine (Monastery : Mount Sinai),Sinai Arabic 510,,Sinai. Old Collection,,,https://www.nli.org.il/en/manuscripts/NNL_ALEPH003891682/NLI,,"Statement of responsibility: Imaging performed under the auspices of His Eminence Archbishop Damianos and The Holy Council, Father Justin Sinaites Librarian, Early Manuscripts Electronic Library. Phelps Michael B. Project Director; Kasotakis Damianos. Imaging Director",Schneider | APO-DIGITAR 120/5.6 SES,11,The Holy Monastery of Saint Catherine Sinai | Kasotakis Vasilios | Galanis Lampros | Georgiades Christos
,,discovery,"Sinai Arabic 532. Hagiographica : manuscript, 1237. St. Catherine's Monastery, Sinai, Egypt",,paged,21198/z1bk2gmg,ark:/21198/z14t7nnf,Work,copyrighted,Contact the Monastery of St. Catherine's of the Sinai. Metadata: Unless otherwise indicated all metadata associated with this manuscript is copyright the authors and released under Creative Commons Attribution 4.0 International License.,,,,,,1237,,1237,,,,,,,,,,,,,,,,,,,,,,,,,206 ff. ; 848.2 g,Codex,189 x 142 x 67 mm,Paper,f. 85 lacking,,,,,,,,,,,text,Hagiographies|~|Manuscripts,ara,right-to-left,Arabic,,,,,,"To inquire about image rights, contact St. Catherine's Monastery, https://www.sinaimonastery.com, sinaimonastery@gmail.com.",Saint Catherine (Monastery : Mount Sinai),Sinai Arabic 532,,Sinai. Old Collection,,,http://www.loc.gov/item/00279390246-ms/,,"Statement of responsibility: Imaging performed under the auspices of His Eminence Archbishop Damianos and The Holy Council, Father Justin Sinaites Librarian, Early Manuscripts Electronic Library. Phelps Michael B. Project Director; Kasotakis Damianos. Imaging Director",Schneider | APO-DIGITAR 120/5.6 SES,11,The Holy Monastery of Saint Catherine Sinai | Kasotakis Vasilios | Galanis Lampros | Georgiades Christos
,,discovery,"Sinai Arabic 548. Paradise, Encomium to St. Catherine, and Varia : manuscript, 1306. St. Catherine's Monastery, Sinai, Egypt",,paged,21198/z1bk2gmg,ark:/21198/z1126wx1,Work,copyrighted,Contact the Monastery of St. Catherine's of the Sinai. Metadata: Unless otherwise indicated all metadata associated with this manuscript is copyright the authors and released under Creative Commons Attribution 4.0 International License.,,,,,,1306,,1306,,,,,,,,,,,,,,,,,,,,,,,,,194 ff. ; 920.4 g,Codex,199 x 142 x 71 mm,Paper,,,,,Decorative element on f. 2r,Inscriptions on ff. 1r and 2r,,,,Rubrication|~|Illustrated,,text,Manuscripts,ara,right-to-left,Arabic,,,,,,"To inquire about image rights, contact St. Catherine's Monastery, https://www.sinaimonastery.com, sinaimonastery@gmail.com.",Saint Catherine (Monastery : Mount Sinai),Sinai Arabic 548,,Sinai. Old Collection,,,http://www.loc.gov/item/00279390477-ms/,,"Statement of responsibility: Imaging performed under the auspices of His Eminence Archbishop Damianos and The Holy Council, Father Justin Sinaites Librarian, Early Manuscripts Electronic Library. Phelps Michael B. Project Director; Kasotakis Damianos. Imaging Director",Schneider | APO-DIGITAR 120/5.6 SES,11,The Holy Monastery of Saint Catherine Sinai | Kasotakis Vasilios | Galanis Lampros | Georgiades Christos
,,discovery,"Sinai Arabic 581. Nine Mimars : manuscript [ca 12th c.]. St. Catherine's Monastery, Sinai, Egypt",,paged,21198/z1bk2gmg,ark:/21198/z1w96dgk,Work,copyrighted,Contact the Monastery of St. Catherine's of the Sinai. Metadata: Unless otherwise indicated all metadata associated with this manuscript is copyright the authors and released under Creative Commons Attribution 4.0 International License.,,,,,,1100/1199,,12th c.,,,,"Abū Qurrah, Thāwdhūrus, approximately 750-825",,,,,,,,,,,,,,,,,,,,,206 ff. ; 636.0 g,Codex,197 x 159 x 61 mm,Paper,f. 121 lacking,,,,,,,,,,Front and back boards lacking. Last quires curved.,text,Manuscripts,ara,right-to-left,Arabic,,,,,,"To inquire about image rights, contact St. Catherine's Monastery, https://www.sinaimonastery.com, sinaimonastery@gmail.com.",Saint Catherine (Monastery : Mount Sinai),Sinai Arabic 581,,Sinai. Old Collection,,,https://www.nli.org.il/en/manuscripts/NNL_ALEPH003871038/NLI,,"Statement of responsibility: Imaging performed under the auspices of His Eminence Archbishop Damianos and The Holy Council, Father Justin Sinaites Librarian, Early Manuscripts Electronic Library. Phelps Michael B. Project Director; Kasotakis Damianos. Imaging Director",Schneider | APO-DIGITAR 120/5.6 SES,11,The Holy Monastery of Saint Catherine Sinai | Kasotakis Vasilios | Galanis Lampros | Georgiades Christos
,,discovery,"Sinai Arabic 621. Homilies and Mimars of John Chrysostom, and Commentary on Romans : manuscript [ca 13th c.]. St. Catherine's Monastery, Sinai, Egypt",,paged,21198/z1bk2gmg,ark:/21198/z1rj5ntr,Work,copyrighted,Contact the Monastery of St. Catherine's of the Sinai. Metadata: Unless otherwise indicated all metadata associated with this manuscript is copyright the authors and released under Creative Commons Attribution 4.0 International License.,,,,,,1200/1299,,13th c.,,,,"John Chrysostom, Saint, -407",,,,,,,,,,,,,,,,,,,,,147 ff. ; 583.3 g,Codex,188 x 139 x 40 mm,Paper,,,,,,,,,,Rubrication,,text,Sermons|~|Manuscripts,ara,right-to-left,Arabic,,,,,,"To inquire about image rights, contact St. Catherine's Monastery, https://www.sinaimonastery.com, sinaimonastery@gmail.com.",Saint Catherine (Monastery : Mount Sinai),Sinai Arabic 621,,Sinai. Old Collection,,,https://www.nli.org.il/en/manuscripts/NNL_ALEPH003891692/NLI,,"Statement of responsibility: Imaging performed under the auspices of His Eminence Archbishop Damianos and The Holy Council, Father Justin Sinaites Librarian, Early Manuscripts Electronic Library. Phelps Michael B. Project Director; Kasotakis Damianos. Imaging Director",Schneider | APO-DIGITAR 120/5.6 SES,11,The Holy Monastery of Saint Catherine Sinai | Kasotakis Vasilios | Galanis Lampros
,,discovery,"Sinai Arabic 680. Lectionary (Gospels) : manuscript, 1333. St. Catherine's Monastery, Sinai, Egypt",,paged,21198/z1bk2gmg,ark:/21198/z1mw3mg9,Work,copyrighted,Contact the Monastery of St. Catherine's of the Sinai. Metadata: Unless otherwise indicated all metadata associated with this manuscript is copyright the authors and released under Creative Commons Attribution 4.0 International License.,,,,,,1333,,1333,,,,,,,,,,,,,,,,,,,,,,,,,376 ff. ; 2154.2 g,Codex,260 x 187 x 90 mm,Paper,,,,,,,,,,,,text,Lectionaries|~|Manuscripts,ara,right-to-left,Arabic,,,,,,"To inquire about image rights, contact St. Catherine's Monastery, https://www.sinaimonastery.com, sinaimonastery@gmail.com.",Saint Catherine (Monastery : Mount Sinai),Sinai Arabic 680,,Sinai. Old Collection,,,http://www.loc.gov/item/00279391494-ms/,,"Statement of responsibility: Imaging performed under the auspices of His Eminence Archbishop Damianos and The Holy Council, Father Justin Sinaites Librarian, Early Manuscripts Electronic Library. Phelps Michael B. Project Director; Kasotakis Damianos. Imaging Director",Schneider | APO-DIGITAR 90/4.8 SES,11,The Holy Monastery of Saint Catherine Sinai | Kasotakis Vasilios | Galanis Lampros | Georgiades Christos
,,discovery,"Sinai Arabic 695. Covenant of the Prophet : manuscript, 1683. St. Catherine's Monastery, Sinai, Egypt",,paged,21198/z1bk2gmg,ark:/21198/z11c315s,Work,copyrighted,Contact the Monastery of St. Catherine's of the Sinai. Metadata: Unless otherwise indicated all metadata associated with this manuscript is copyright the authors and released under Creative Commons Attribution 4.0 International License.,,,السّجل العَهْد|~|عهدنامه|~|آشتی‌نامه,,,1683,,1683,,,,,,,,,,,,,,,,,,,,,,,,,25 ff. ; 91.3 g,Codex,149 x 105 x 9 mm,Paper,,,,,,,,,,,,text,Manuscripts,ara|~|ota,right-to-left,Arabic|~|Ottoman Turkish,,,,,,"To inquire about image rights, contact St. Catherine's Monastery, https://www.sinaimonastery.com, sinaimonastery@gmail.com.",Saint Catherine (Monastery : Mount Sinai),Sinai Arabic 695,,Sinai. Old Collection,,,http://www.loc.gov/item/00279391500-ms/,,"Statement of responsibility: Imaging performed under the auspices of His Eminence Archbishop Damianos and The Holy Council, Father Justin Sinaites Librarian, Early Manuscripts Electronic Library. Phelps Michael B. Project Director; Kasotakis Damianos. Imaging Director",Schneider | APO-DIGITAR 120/5.6 SES,11,The Holy Monastery of Saint Catherine Sinai | Kasotakis Vasilios | Galanis Lampros
,,discovery,"Sinai Syriac 1B. Lectionary : manuscript, 1094. St. Catherine's Monastery, Sinai, Egypt",,paged,21198/z1bk2gmg,ark:/21198/z1h42vts,Work,copyrighted,Contact the Monastery of St. Catherine's of the Sinai. Metadata: Unless otherwise indicated all metadata associated with this manuscript is copyright the authors and released under Creative Commons Attribution 4.0 International License.,,,,,,1094,,1094,,,,,,,,,,,,,,,,,,,,,,,,,155 ff. ; 2047.4 g,Codex,258 x 209 x 105 mm,Parchment,f. 1 lacking,,,,,,,,,Rubrication,Leather on spine split,text,Lectionaries|~|Manuscripts,cpa,right-to-left,Christian Palestinian Aramaic,,,,,,"To inquire about image rights, contact St. Catherine's Monastery, https://www.sinaimonastery.com, sinaimonastery@gmail.com.",Saint Catherine (Monastery : Mount Sinai),Sinai Syriac 1B,,Sinai. Old Collection,,,,,"Statement of responsibility: Imaging performed under the auspices of His Eminence Archbishop Damianos and The Holy Council, Father Justin Sinaites Librarian, Early Manuscripts Electronic Library. Phelps Michael B. Project Director; Kasotakis Damianos. Imaging Director",Schneider | APO-DIGITAR 90/4.8 SES,11,The Holy Monastery of Saint Catherine Sinai | Kasotakis Vasilios | Galanis Lampros | Georgiades Christos
,,discovery,"Sinai Syriac 43. Horologion : manuscript, 1100. St. Catherine's Monastery, Sinai, Egypt",,paged,21198/z1bk2gmg,ark:/21198/z1cc241z,Work,copyrighted,Contact the Monastery of St. Catherine's of the Sinai. Metadata: Unless otherwise indicated all metadata associated with this manuscript is copyright the authors and released under Creative Commons Attribution 4.0 International License.,,,,,,1243,,1243,,,,,,,,,,,,,,,,,,,,,,,,,87 ff. ; 673.9 g,Codex,187 x 154 x 57 mm,Parchment,,,,,,,,,,,,text,Liturgical books|~|Hymnals|~|Manuscripts,syr,right-to-left,Syriac,,,,,,"To inquire about image rights, contact St. Catherine's Monastery, https://www.sinaimonastery.com, sinaimonastery@gmail.com.",Saint Catherine (Monastery : Mount Sinai),Sinai Syriac 43,,Sinai. Old Collection,,,https://www.loc.gov/item/0027938653A-ms/,,"Statement of responsibility: Imaging performed under the auspices of His Eminence Archbishop Damianos and The Holy Council, Father Justin Sinaites Librarian, Early Manuscripts Electronic Library. Phelps Michael B. Project Director; Kasotakis Damianos. Imaging Director",Schneider | APO-DIGITAR 90/4.8 SES,11,The Holy Monastery of Saint Catherine Sinai | Kasotakis Vasilios | Galanis Lampros | Georgiades Christos
,,discovery,"Sinai Syriac 105. Menaion : manuscript [ca 13th c.]. St. Catherine's Monastery, Sinai, Egypt",,paged,21198/z1bk2gmg,ark:/21198/z17m1c7b,Work,copyrighted,Contact the Monastery of St. Catherine's of the Sinai. Metadata: Unless otherwise indicated all metadata associated with this manuscript is copyright the authors and released under Creative Commons Attribution 4.0 International License.,,,,,,1200/1299,,13th c.,,,,,,,,,,,,,,,,,,,,,,9 Elul–12 Tesrin II,,,191 ff. ; 862.4 g,Codex,191 x 148 x 78 mm,Paper,,,,,,,,,,,,text,Liturgical books|~|Manuscripts,syr,right-to-left,Syriac,,,,,,"To inquire about image rights, contact St. Catherine's Monastery, https://www.sinaimonastery.com, sinaimonastery@gmail.com.",Saint Catherine (Monastery : Mount Sinai),Sinai Syriac 105,,Sinai. Old Collection,,,https://www.nli.org.il/en/manuscripts/NNL_ALEPH003891709/NLI,,"Statement of responsibility: Imaging performed under the auspices of His Eminence Archbishop Damianos and The Holy Council, Father Justin Sinaites Librarian, Early Manuscripts Electronic Library. Phelps Michael B. Project Director; Kasotakis Damianos. Imaging Director",Schneider | APO-DIGITAR 120/5.6 SES,11,The Holy Monastery of Saint Catherine Sinai | Kasotakis Vasilios | Galanis Lampros | Georgiades Christos
,,discovery,"Sinai Syriac 240. Psalter : manuscript, 1331. St. Catherine's Monastery, Sinai, Egypt",,paged,21198/z1bk2gmg,ark:/21198/z13v0mhm,Work,copyrighted,Contact the Monastery of St. Catherine's of the Sinai. Metadata: Unless otherwise indicated all metadata associated with this manuscript is copyright the authors and released under Creative Commons Attribution 4.0 International License.,,,,,,1331,,1331,,,,,,,,,,,,,,,,,,,,,,,,,161 ff. ; 891.2 g,Codex,201 x 148 x 72 mm,Paper,,,,,,,,,,,,text,Psalters|~|Manuscripts,syr,right-to-left,Syriac,,,,,,"To inquire about image rights, contact St. Catherine's Monastery, https://www.sinaimonastery.com, sinaimonastery@gmail.com.",Saint Catherine (Monastery : Mount Sinai),Sinai Syriac 240,,Sinai. Old Collection,,,https://www.loc.gov/item/00279388781-ms/,,"Statement of responsibility: Imaging performed under the auspices of His Eminence Archbishop Damianos and The Holy Council, Father Justin Sinaites Librarian, Early Manuscripts Electronic Library. Phelps Michael B. Project Director; Kasotakis Damianos. Imaging Director",Schneider | APO-DIGITAR 120/5.6 SES,11,The Holy Monastery of Saint Catherine Sinai | Kasotakis Vasilios | Galanis Lampros | Georgiades Christos
,,discovery,"Sinai Syriac 269. Lectionary (Gospels) : manuscript, 1100. St. Catherine's Monastery, Sinai, Egypt",,paged,21198/z1bk2gmg,ark:/21198/z1029vt3,Work,copyrighted,Contact the Monastery of St. Catherine's of the Sinai. Metadata: Unless otherwise indicated all metadata associated with this manuscript is copyright the authors and released under Creative Commons Attribution 4.0 International License.,,,,,,1100,,1100,,,,,,,,,,,,,,,,,,,,,,,,,166 ff. ; 2398.4 g,Codex,264 x 212 x 105 mm,Paper,,,,,,,,,,,,text,Lectionaries|~|Manuscripts,syr,right-to-left,Syriac,,,,,,"To inquire about image rights, contact St. Catherine's Monastery, https://www.sinaimonastery.com, sinaimonastery@gmail.com.",Saint Catherine (Monastery : Mount Sinai),Sinai Syriac 269,,Sinai. Old Collection,,,http://www.loc.gov/item/0027938460A-ms/,,"Statement of responsibility: Imaging performed under the auspices of His Eminence Archbishop Damianos and The Holy Council, Father Justin Sinaites Librarian, Early Manuscripts Electronic Library. Phelps Michael B. Project Director; Kasotakis Damianos. Imaging Director",Schneider | APO-DIGITAR 90/4.8 SES,11,The Holy Monastery of Saint Catherine Sinai | Kasotakis Vasilios | Galanis Lampros | Georgiades Christos
,,discovery,"Sinai Syriac 271. Lectionary (Gospels) : manuscript, 1288. St. Catherine's Monastery, Sinai, Egypt",,paged,21198/z1bk2gmg,ark:/21198/z1v99cfj,Work,copyrighted,Contact the Monastery of St. Catherine's of the Sinai. Metadata: Unless otherwise indicated all metadata associated with this manuscript is copyright the authors and released under Creative Commons Attribution 4.0 International License.,,,,,,1288,,1288,,,,,,,,,,,,,,,,,,,,,,,,,217 ff. ; 1398.8 g,Codex,231 x 156 x 78 mm,Paper,ff. 99 and 165 lacking,,,,,,,,,,,text,Lectionaries|~|Manuscripts,syr,right-to-left,Syriac,,,,,,"To inquire about image rights, contact St. Catherine's Monastery, https://www.sinaimonastery.com, sinaimonastery@gmail.com.",Saint Catherine (Monastery : Mount Sinai),Sinai Syriac 271,,Sinai. Old Collection,,,http://www.loc.gov/item/00279384672-ms/,,"Statement of responsibility: Imaging performed under the auspices of His Eminence Archbishop Damianos and The Holy Council, Father Justin Sinaites Librarian, Early Manuscripts Electronic Library. Phelps Michael B. Project Director; Kasotakis Damianos. Imaging Director",Schneider | APO-DIGITAR 90/4.8 SES,11,The Holy Monastery of Saint Catherine Sinai | Kasotakis Vasilios | Galanis Lampros | Georgiades Christos