"File Name","Item Sequence","Visibility","Title","Thumbnail URL","IIIF Range","viewingHint","Parent ARK","Item ARK","Object Type","AltTitle.other","AltTitle.uniform","Place of origin","Date.normalized","Date binding","Date.creation","Scribe","Illuminator","Rubricator","Author","Commentator","Compiler","Translator","Summary","Contents note","Colophon","Incipit","Explicit","Motif","Bibliography","References","Provenance","Signature","General note","Physical Description","Format.extent","Format","Format.dimensions","Support","Foliation","Collation","Page layout","Writing and hands","Illustrations note","Inscription","Additions","Binding note","Ink color","Features","Condition note","Type.typeOfResource","Type.genre","Language","Text direction","Writing system","Script","Script note","Rights.statementLocal","Rights contact","Name.repository","AltIdentifier.local","Series","Collection (physical)","Undertext object(s)","Overtext mss","Other version","Ms cataloger/scholar","(originator of the digitized object)","Lens make | Lens model","Aperature","Camera Operator","IIIF Manifest URL"
"","","sinai","Sinai Arabic 32. Psalter and Odes : manuscript, [11th c.]. St. Catherine's Monastery, Sinai, Egypt","","","paged","ark:/21198/z1bk2gmg","ark:/21198/z1nz9bx3","Work","المَزامير","Bible. Psalms|~|Bible. Odes|~|Psalter","","1001/1100","","11th c.","","","","","","","","","","","","","","","Kamil","","","Greek on last two leaves","","138 ff. ; 312.7 g","Codex","164 x 128 x 44 mm","Paper","The sequence of ff. 31, 32, 33 is repeated once and then f. 34 follows.","","","","","","","","","","Front board single piece of leather with corner missing and remains of flap. Part of inside lining is all that is left of back cover. Last leaf has Sellotape.","text","Biblical texts|~|Liturgical texts","ara|~|grc","right-to-left","Arabic|~|Greek","","","Images: Contact the Monastery of St. Catherine's of the Sinai. Metadata: Unless otherwise indicated all metadata associated with this manuscript is copyright the authors and released under Creative Commons Attribution 4.0 International License.","To inquire about image rights, contact St. Catherine's Monastery, https://www.sinaimonastery.com, sinaimonastery@gmail.com.","Saint Catherine (Monastery : Mount Sinai)","Sinai Arabic 32","","Sinai. Old Collection","","","http://www.loc.gov/item/00279385858-ms/","","Statement of responsibility: Imaging performed under the auspices of His Eminence Archbishop Damianos and The Holy Council, Father Justin Sinaites Librarian, Early Manuscripts Electronic Library. Phelps Michael B. Project Director; Kasotakis Damianos. Imaging Director","Schneider | APO-DIGITAR 120/5.6 SES","11","The Holy Monastery of Saint Catherine Sinai | Kasotakis Vasilios | Galanis Lampros | Georgiades Christos","http://iiif.library.ucla.edu/ark%3A%2F21198%2Fz1nz9bx3/manifest"
"","","sinai","Sinai Arabic 43. Psalter and Odes : manuscript, [14th c.]. St. Catherine's Monastery, Sinai, Egypt","","","paged","ark:/21198/z1bk2gmg","ark:/21198/z1j68m63","Work","المَزامير|~|ذكصا|~|كاثسما","Bible. Psalms|~|Bible. Odes|~|Psalter","","1301/1400","","14th c.","","","","","","","","","","","","","","","Kamil","","","","","172 ff. ; 894.8 g","Codex","194 x 149 x 70 mm","Paper","The first four leaves of each quire foliated in Roman numerals in an ink that looks similar to the text","","","","","","Donation inscription at the bottom of f. 171v. ; Supplication inscription on f. 172v (final page).","","","Rubrication","The first two quires torn out and lacking (f. 1r is the beginning of the 'third' quire as noted on the top of the leaf)","text","Biblical texts|~|Liturgical texts","ara","right-to-left","Arabic","Naskh","","Images: Contact the Monastery of St. Catherine's of the Sinai. Metadata: Unless otherwise indicated all metadata associated with this manuscript is copyright the authors and released under Creative Commons Attribution 4.0 International License.","To inquire about image rights, contact St. Catherine's Monastery, https://www.sinaimonastery.com, sinaimonastery@gmail.com.","Saint Catherine (Monastery : Mount Sinai)","Sinai Arabic 43","","Sinai. Old Collection","","","https://www.nli.org.il/en/manuscripts/NNL_ALEPH003871364/NLI","","Statement of responsibility: Imaging performed under the auspices of His Eminence Archbishop Damianos and The Holy Council, Father Justin Sinaites Librarian, Early Manuscripts Electronic Library. Phelps Michael B. Project Director; Kasotakis Damianos. Imaging Director","Schneider | APO-DIGITAR 90/4.8 SES","11","The Holy Monastery of Saint Catherine Sinai | Kasotakis Vasilios | Galanis Lampros | Georgiades Christos","http://iiif.library.ucla.edu/ark%3A%2F21198%2Fz1j68m63/manifest"
"","","sinai","Sinai Arabic 69. Four Gospels, divided according to the readings of the Greek Calendar : manuscript, 1065. St. Catherine's Monastery, Sinai, Egypt","","","paged","ark:/21198/z1bk2gmg","ark:/21198/z1df7vgc","Work","أربع صحايف الإنجيل المقدّس","Bible. Gospels","","1065","","1065","","","","","","","","","","","","","","","Kamil","","","","","159 ff. ; 929.4 g","Codex","196 x 149 x 76 mm","Parchment","Front and back flyleaves (in Greek) foliated","","","","","","","","","Rubrication","","text","Biblical texts|~|Gospel books","ara|~|grc","right-to-left","Arabic|~|Greek","","","Images: Contact the Monastery of St. Catherine's of the Sinai. Metadata: Unless otherwise indicated all metadata associated with this manuscript is copyright the authors and released under Creative Commons Attribution 4.0 International License.","To inquire about image rights, contact St. Catherine's Monastery, https://www.sinaimonastery.com, sinaimonastery@gmail.com.","Saint Catherine (Monastery : Mount Sinai)","Sinai Arabic 69","","Sinai. Old Collection","","","http://www.loc.gov/item/00279386012-ms/","","Statement of responsibility: Imaging performed under the auspices of His Eminence Archbishop Damianos and The Holy Council, Father Justin Sinaites Librarian, Early Manuscripts Electronic Library. Phelps Michael B. Project Director; Kasotakis Damianos. Imaging Director","Schneider | APO-DIGITAR 90/4.8 SES","11","The Holy Monastery of Saint Catherine Sinai | Kasotakis Vasilios | Galanis Lampros | Georgiades Christos","http://iiif.library.ucla.edu/ark%3A%2F21198%2Fz1df7vgc/manifest"
"","","sinai","Sinai Arabic 81. Four Gospels : manuscript, 1323. St. Catherine's Monastery, Sinai, Egypt","","","paged","ark:/21198/z1bk2gmg","ark:/21198/z18p73vc","Work","الإنجيل المقدّس","Bible. Gospels","","1323","","1323","","","","","","","","","","","","","","","Kamil","","","","","183 ff. ; 2094.3 g","Codex","287 x 197 x 75 mm","Paper","","","","","","","","","","","","text","Biblical texts|~|Gospel books","ara","right-to-left","Arabic","Naskh","","Images: Contact the Monastery of St. Catherine's of the Sinai. Metadata: Unless otherwise indicated all metadata associated with this manuscript is copyright the authors and released under Creative Commons Attribution 4.0 International License.","To inquire about image rights, contact St. Catherine's Monastery, https://www.sinaimonastery.com, sinaimonastery@gmail.com.","Saint Catherine (Monastery : Mount Sinai)","Sinai Arabic 81","","Sinai. Old Collection","","","https://www.nli.org.il/en/manuscripts/NNL_ALEPH003891610/NLI","","Statement of responsibility: Imaging performed under the auspices of His Eminence Archbishop Damianos and The Holy Council, Father Justin Sinaites Librarian, Early Manuscripts Electronic Library. Phelps Michael B. Project Director; Kasotakis Damianos. Imaging Director","Schneider | APO-DIGITAR 90/4.8 SES","11","The Holy Monastery of Saint Catherine Sinai | Kasotakis Vasilios | Galanis Lampros | Georgiades Christos","http://iiif.library.ucla.edu/ark%3A%2F21198%2Fz18p73vc/manifest"
"","","sinai","Sinai Arabic 85. Apocalypse ; Mimars : manuscript, [1101-1300]. St. Catherine's Monastery, Sinai, Egypt","","","paged","ark:/21198/z1bk2gmg","ark:/21198/z14x6c5h","Work","","Bible. Revelation","","1101-1300","","1101-1300","","","","","","","","","Apocalypse of St. John the Apostle ; Mimar of St. Dionysius the Areopagite Bishop of Athens on “Good and Evil”, Mimar by same on “Celestial Priesthood” ; Treatise on “Church Offices” by Maximus the Confessor","","","","","","Kamil","","","","","240 ff. ; 966.3 g","Codex","189 x 144 x 70 mm","Paper","ff. 202 and 223 lacking","","","","","","","","","","","text","Biblical texts","ara","right-to-left","Arabic","Naskh","","Images: Contact the Monastery of St. Catherine's of the Sinai. Metadata: Unless otherwise indicated all metadata associated with this manuscript is copyright the authors and released under Creative Commons Attribution 4.0 International License.","To inquire about image rights, contact St. Catherine's Monastery, https://www.sinaimonastery.com, sinaimonastery@gmail.com.","Saint Catherine (Monastery : Mount Sinai)","Sinai Arabic 85","","Sinai. Old Collection","","","http://www.loc.gov/item/00279386693-ms/","","Statement of responsibility: Imaging performed under the auspices of His Eminence Archbishop Damianos and The Holy Council, Father Justin Sinaites Librarian, Early Manuscripts Electronic Library. Phelps Michael B. Project Director; Kasotakis Damianos. Imaging Director","Schneider | APO-DIGITAR 90/4.8 SES","11","The Holy Monastery of Saint Catherine Sinai | Kasotakis Vasilios | Galanis Lampros | Georgiades Christos","http://iiif.library.ucla.edu/ark%3A%2F21198%2Fz14x6c5h/manifest"
"","","sinai","Sinai Arabic 129. Lectionary (Gospels), with commentary : manuscript, 1245. St. Catherine's Monastery, Sinai, Egypt","","","paged","ark:/21198/z1bk2gmg","ark:/21198/z11849tz","Work","","Lectionary","","1245","","1245","","","","","","","","","","","","","","","Kamil","","","","","395 ff. ; 2800.1 g","Codex","270 x 187 x 101 mm","Paper","","","","","","","","Silver plates on outside front board","","","","text","Liturgical texts|~|Lectionaries|~|Biblical texts|~|Gospel books","ara","right-to-left","Arabic","Naskh","","Images: Contact the Monastery of St. Catherine's of the Sinai. Metadata: Unless otherwise indicated all metadata associated with this manuscript is copyright the authors and released under Creative Commons Attribution 4.0 International License.","To inquire about image rights, contact St. Catherine's Monastery, https://www.sinaimonastery.com, sinaimonastery@gmail.com.","Saint Catherine (Monastery : Mount Sinai)","Sinai Arabic 129","","Sinai. Old Collection","","","http://www.loc.gov/item/00279384283-ms/","","Statement of responsibility: Imaging performed under the auspices of His Eminence Archbishop Damianos and The Holy Council, Father Justin Sinaites Librarian, Early Manuscripts Electronic Library. Phelps Michael B. Project Director; Kasotakis Damianos. Imaging Director","Schneider | APO-DIGITAR 90/4.8 SES","11","The Holy Monastery of Saint Catherine Sinai | Kasotakis Vasilios | Galanis Lampros | Georgiades Christos","http://iiif.library.ucla.edu/ark%3A%2F21198%2Fz11849tz/manifest"
"","","sinai","Sinai Arabic 135. Lectionary (Gospels) : manuscript, 1325. St. Catherine's Monastery, Sinai, Egypt","","","paged","ark:/21198/z1bk2gmg","ark:/21198/z1wh3tbp","Work","","Lectionary","","1325","","1325","","","","","","","","","","","","","","","Kamil","","","","","238 ff. ; 2328.1 g","Codex","299 x 229 x 90 mm","Paper","","","","","","","","","","","Rodent damage with loss of text from f. 147, increasing at the end","text","Liturgical texts|~|Lectionaries|~|Biblical texts|~|Gospel books","ara","right-to-left","Arabic","Naskh","","Images: Contact the Monastery of St. Catherine's of the Sinai. Metadata: Unless otherwise indicated all metadata associated with this manuscript is copyright the authors and released under Creative Commons Attribution 4.0 International License.","To inquire about image rights, contact St. Catherine's Monastery, https://www.sinaimonastery.com, sinaimonastery@gmail.com.","Saint Catherine (Monastery : Mount Sinai)","Sinai Arabic 135","","Sinai. Old Collection","","","https://www.nli.org.il/en/manuscripts/NNL_ALEPH003871376/NLI","","Statement of responsibility: Imaging performed under the auspices of His Eminence Archbishop Damianos and The Holy Council, Father Justin Sinaites Librarian, Early Manuscripts Electronic Library. Phelps Michael B. Project Director; Kasotakis Damianos. Imaging Director","Schneider | APO-DIGITAR 90/4.8 SES","11","The Holy Monastery of Saint Catherine Sinai | Kasotakis Vasilios | Galanis Lampros | Georgiades Christos","http://iiif.library.ucla.edu/ark%3A%2F21198%2Fz1wh3tbp/manifest"
"","","sinai","Sinai Arabic 136. Lectionary (Gospels) : manuscript, 1685. St. Catherine's Monastery, Sinai, Egypt","","","paged","ark:/21198/z1bk2gmg","ark:/21198/z1rr32h0","Work","","Lectionary","","1685","","1685","","","","","","","","","","","","","","","Kamil","","","","","290 ff. ; 3285.6 g","Codex","326 x 226 x 94 mm","Paper","","","","","","","","","","","","text","Liturgical texts|~|Lectionaries|~|Biblical texts|~|Gospel books","ara","right-to-left","Arabic","Naskh","","Images: Contact the Monastery of St. Catherine's of the Sinai. Metadata: Unless otherwise indicated all metadata associated with this manuscript is copyright the authors and released under Creative Commons Attribution 4.0 International License.","To inquire about image rights, contact St. Catherine's Monastery, https://www.sinaimonastery.com, sinaimonastery@gmail.com.","Saint Catherine (Monastery : Mount Sinai)","Sinai Arabic 136","","Sinai. Old Collection","","","https://www.nli.org.il/en/manuscripts/NNL_ALEPH003871377/NLI","","Statement of responsibility: Imaging performed under the auspices of His Eminence Archbishop Damianos and The Holy Council, Father Justin Sinaites Librarian, Early Manuscripts Electronic Library. Phelps Michael B. Project Director; Kasotakis Damianos. Imaging Director","Schneider | APO-DIGITAR 90/4.8 SES","11","The Holy Monastery of Saint Catherine Sinai | Kasotakis Vasilios | Galanis Lampros | Georgiades Christos","http://iiif.library.ucla.edu/ark%3A%2F21198%2Fz1rr32h0/manifest"
"","","sinai","Sinai Arabic 143. Lectionary (Gospels), with commentary : manuscript, [13th c.]. St. Catherine's Monastery, Sinai, Egypt","","","paged","ark:/21198/z1bk2gmg","ark:/21198/z1n029sk","Work","","Lectionary","","1201/1300","","13th c.","","","","","","","","","","","","","","","Kamil","","","","","201 ff. ; 893.5 g","Codex","194 x 152 x 61 mm","Paper","Foliation begins on inside front board where the text starts, and then first folio is foliated as f. 2.","","","","","","","","","Rubrication","","text","Liturgical texts|~|Lectionaries|~|Biblical texts|~|Gospel books","ara","right-to-left","Arabic","Naskh","","Images: Contact the Monastery of St. Catherine's of the Sinai. Metadata: Unless otherwise indicated all metadata associated with this manuscript is copyright the authors and released under Creative Commons Attribution 4.0 International License.","To inquire about image rights, contact St. Catherine's Monastery, https://www.sinaimonastery.com, sinaimonastery@gmail.com.","Saint Catherine (Monastery : Mount Sinai)","Sinai Arabic 143","","Sinai. Old Collection","","","https://www.nli.org.il/en/manuscripts/NNL_ALEPH003891624/NLI","","Statement of responsibility: Imaging performed under the auspices of His Eminence Archbishop Damianos and The Holy Council, Father Justin Sinaites Librarian, Early Manuscripts Electronic Library. Phelps Michael B. Project Director; Kasotakis Damianos. Imaging Director","Schneider | APO-DIGITAR 120/5.6 SES","11","The Holy Monastery of Saint Catherine Sinai | Kasotakis Vasilios | Galanis Lampros | Georgiades Christos","http://iiif.library.ucla.edu/ark%3A%2F21198%2Fz1n029sk/manifest"
"","","sinai","Sinai Arabic 149. Lectionary (Epistles) : manuscript, [13th c.]. St. Catherine's Monastery, Sinai, Egypt","","","paged","ark:/21198/z1bk2gmg","ark:/21198/z1h71k28","Work","","Lectionary","","1201/1300","","13th c.","","","","","","","","","Arabic Lectionary of Epistles followed by Greek Lectionary of Gospels and Epistles for certain feast days only","","","","","","Kamil","","","Greek from f. 58 to the end","","98 ff. ; 639.9 g","Codex","206 x 148 x 52 mm","Paper","","","","","","","","","","","","text","Liturgical texts|~|Lectionaries|~|Biblical texts","ara|~|grc","right-to-left","Arabic|~|Greek","Naskh","","Images: Contact the Monastery of St. Catherine's of the Sinai. Metadata: Unless otherwise indicated all metadata associated with this manuscript is copyright the authors and released under Creative Commons Attribution 4.0 International License.","To inquire about image rights, contact St. Catherine's Monastery, https://www.sinaimonastery.com, sinaimonastery@gmail.com.","Saint Catherine (Monastery : Mount Sinai)","Sinai Arabic 149","","Sinai. Old Collection","","","http://www.loc.gov/item/00279384350-ms/","","Statement of responsibility: Imaging performed under the auspices of His Eminence Archbishop Damianos and The Holy Council, Father Justin Sinaites Librarian, Early Manuscripts Electronic Library. Phelps Michael B. Project Director; Kasotakis Damianos. Imaging Director","Schneider | APO-DIGITAR 120/5.6 SES","11","The Holy Monastery of Saint Catherine Sinai | Kasotakis Vasilios | Galanis Lampros | Georgiades Christos","http://iiif.library.ucla.edu/ark%3A%2F21198%2Fz1h71k28/manifest"
"","","sinai","Sinai Arabic 175. Lectionary (Epistles and Acts) : manuscript, 1225. St. Catherine's Monastery, Sinai, Egypt","","","paged","ark:/21198/z1bk2gmg","ark:/21198/z1cg0tdf","Work","","Lectionary","","1225","","1225","","","","","","","","","Lectionary of the Epistles of St. Paul, the Catholic Epistles, and the Acts of the Apostles with commentary on certain lessons followed by some sermons in Greek and Arabic","","","","","","Kamil","","","","","181 ff. ; 2318.7 g","Codex","301 x 223 x 84 mm","Paper","","","","","","","","","","Rubrication","","text","Liturgical texts|~|Lectionaries|~|Biblical texts","ara|~|grc","right-to-left","Arabic|~|Greek","Naskh","","Images: Contact the Monastery of St. Catherine's of the Sinai. Metadata: Unless otherwise indicated all metadata associated with this manuscript is copyright the authors and released under Creative Commons Attribution 4.0 International License.","To inquire about image rights, contact St. Catherine's Monastery, https://www.sinaimonastery.com, sinaimonastery@gmail.com.","Saint Catherine (Monastery : Mount Sinai)","Sinai Arabic 175","","Sinai. Old Collection","","","http://www.loc.gov/item/00279384507-ms/","","Statement of responsibility: Imaging performed under the auspices of His Eminence Archbishop Damianos and The Holy Council, Father Justin Sinaites Librarian, Early Manuscripts Electronic Library. Phelps Michael B. Project Director; Kasotakis Damianos. Imaging Director","Schneider | APO-DIGITAR 90/4.8 SES","11","The Holy Monastery of Saint Catherine Sinai | Kasotakis Vasilios | Galanis Lampros | Georgiades Christos","http://iiif.library.ucla.edu/ark%3A%2F21198%2Fz1cg0tdf/manifest"
"","","sinai","Sinai Arabic 188. Horologion : manuscript, [13th c.]. St. Catherine's Monastery, Sinai, Egypt","","","paged","ark:/21198/z1bk2gmg","ark:/21198/z17q02r0","Work","","Horologion","","1201/1300","","13th c.","","","","","","","","","","","","","","","Kamil","","","","","213 ff. ; 957.1 g","Codex","206 x 154 x 82 mm","Paper","ff. 101 and 111 lacking","","","","","","","","","","Early Greek majuscule parchment used for repairs","text","Liturgical texts","ara","right-to-left","Arabic","Naskh","","Images: Contact the Monastery of St. Catherine's of the Sinai. Metadata: Unless otherwise indicated all metadata associated with this manuscript is copyright the authors and released under Creative Commons Attribution 4.0 International License.","To inquire about image rights, contact St. Catherine's Monastery, https://www.sinaimonastery.com, sinaimonastery@gmail.com.","Saint Catherine (Monastery : Mount Sinai)","Sinai Arabic 188","","Sinai. Old Collection","","","https://www.nli.org.il/en/manuscripts/NNL_ALEPH003891644/NLI","","Statement of responsibility: Imaging performed under the auspices of His Eminence Archbishop Damianos and The Holy Council, Father Justin Sinaites Librarian, Early Manuscripts Electronic Library. Phelps Michael B. Project Director; Kasotakis Damianos. Imaging Director","Schneider | APO-DIGITAR 120/5.6 SES","11","The Holy Monastery of Saint Catherine Sinai | Kasotakis Vasilios | Galanis Lampros | Georgiades Christos","http://iiif.library.ucla.edu/ark%3A%2F21198%2Fz17q02r0/manifest"
"","","sinai","Sinai Arabic 194. Horologion : manuscript, [13th c.]. St. Catherine's Monastery, Sinai, Egypt","","","paged","ark:/21198/z1bk2gmg","ark:/21198/z14181d9","Work","","Horologion","","1201/1300","","13th c.","","","","","","","","","","","","","","","Kamil","","","","","169 ff. ; 791.6 g","Codex","193 x 145 x 73 mm","Paper","","","","","","","","","","","Leaves worn, dark, and fragile, with a few repairs","text","Liturgical texts","ara","right-to-left","Arabic","Naskh","","Images: Contact the Monastery of St. Catherine's of the Sinai. Metadata: Unless otherwise indicated all metadata associated with this manuscript is copyright the authors and released under Creative Commons Attribution 4.0 International License.","To inquire about image rights, contact St. Catherine's Monastery, https://www.sinaimonastery.com, sinaimonastery@gmail.com.","Saint Catherine (Monastery : Mount Sinai)","Sinai Arabic 194","","Sinai. Old Collection","","","https://www.nli.org.il/en/manuscripts/NNL_ALEPH003891650/NLI","","Statement of responsibility: Imaging performed under the auspices of His Eminence Archbishop Damianos and The Holy Council, Father Justin Sinaites Librarian, Early Manuscripts Electronic Library. Phelps Michael B. Project Director; Kasotakis Damianos. Imaging Director","Schneider | APO-DIGITAR 120/5.6 SES","11","The Holy Monastery of Saint Catherine Sinai | Kasotakis Vasilios | Galanis Lampros | Georgiades Christos","http://iiif.library.ucla.edu/ark%3A%2F21198%2Fz14181d9/manifest"
"","","sinai","Sinai Arabic 195. Horologion : manuscript, [13th c.]. St. Catherine's Monastery, Sinai, Egypt","","","paged","ark:/21198/z1bk2gmg","ark:/21198/z10878n4","Work","","Horologion","","1201/1300","","13th c.","","","","","","","","","","","","","","","Kamil","","","","","140 ff. ; 841.5 g","Codex","193 x 154 x 64 mm","Paper","ff. 78 and 91 lacking","","","","","","","","","Rubrication","All pages stained with brown wax. ff. 111–126 loose. Back board lacking. Many leaves damaged with minor loss of text at the edges.","text","Liturgical texts","ara","right-to-left","Arabic","Naskh","","Images: Contact the Monastery of St. Catherine's of the Sinai. Metadata: Unless otherwise indicated all metadata associated with this manuscript is copyright the authors and released under Creative Commons Attribution 4.0 International License.","To inquire about image rights, contact St. Catherine's Monastery, https://www.sinaimonastery.com, sinaimonastery@gmail.com.","Saint Catherine (Monastery : Mount Sinai)","Sinai Arabic 195","","Sinai. Old Collection","","","https://www.nli.org.il/en/manuscripts/NNL_ALEPH003891651/NLI","","Statement of responsibility: Imaging performed under the auspices of His Eminence Archbishop Damianos and The Holy Council, Father Justin Sinaites Librarian, Early Manuscripts Electronic Library. Phelps Michael B. Project Director; Kasotakis Damianos. Imaging Director","Schneider | APO-DIGITAR 120/5.6 SES","11","The Holy Monastery of Saint Catherine Sinai | Kasotakis Vasilios | Galanis Lampros | Georgiades Christos","http://iiif.library.ucla.edu/ark%3A%2F21198%2Fz10878n4/manifest"
"","","sinai","Sinai Arabic 199. Horologion : manuscript, [18th c.]. St. Catherine's Monastery, Sinai, Egypt","","","paged","ark:/21198/z1bk2gmg","ark:/21198/z1vh6s4d","Work","","Horologion","","1701/1900","","18th c.","","","","","","","","","","","","","","","Kamil","","","","","150 ff. ; 628.5 g","Codex","225 x 165 x 39 mm","Paper","f. 3 lacking","","","","","","","","","","","text","Liturgical texts","ara","right-to-left","Arabic","","","Images: Contact the Monastery of St. Catherine's of the Sinai. Metadata: Unless otherwise indicated all metadata associated with this manuscript is copyright the authors and released under Creative Commons Attribution 4.0 International License.","To inquire about image rights, contact St. Catherine's Monastery, https://www.sinaimonastery.com, sinaimonastery@gmail.com.","Saint Catherine (Monastery : Mount Sinai)","Sinai Arabic 199","","Sinai. Old Collection","","","https://www.nli.org.il/en/manuscripts/NNL_ALEPH003891654/NLI","","Statement of responsibility: Imaging performed under the auspices of His Eminence Archbishop Damianos and The Holy Council, Father Justin Sinaites Librarian, Early Manuscripts Electronic Library. Phelps Michael B. Project Director; Kasotakis Damianos. Imaging Director","Schneider | APO-DIGITAR 120/5.6 SES","11","The Holy Monastery of Saint Catherine Sinai | Kasotakis Vasilios | Galanis Lampros | Georgiades Christos","http://iiif.library.ucla.edu/ark%3A%2F21198%2Fz1vh6s4d/manifest"
"","","sinai","Sinai Arabic 205. Horologion : manuscript, [13th c.]. St. Catherine's Monastery, Sinai, Egypt","","","paged","ark:/21198/z1bk2gmg","ark:/21198/z1qr61d2","Work","","Horologion","","1201/1300","","13th c.","","","","","","","","","","","","","","","Kamil","","","","","62 ff. ; 236.9 g","Codex","207 x 152 x 23 mm","Paper","","","","","","","","","","Rubrication","Only a fragment of the front cover at top remains. Back board lacking.","text","Liturgical texts","ara","right-to-left","Arabic","","","Images: Contact the Monastery of St. Catherine's of the Sinai. Metadata: Unless otherwise indicated all metadata associated with this manuscript is copyright the authors and released under Creative Commons Attribution 4.0 International License.","To inquire about image rights, contact St. Catherine's Monastery, https://www.sinaimonastery.com, sinaimonastery@gmail.com.","Saint Catherine (Monastery : Mount Sinai)","Sinai Arabic 205","","Sinai. Old Collection","","","https://www.nli.org.il/en/manuscripts/NNL_ALEPH003871387/NLI","","Statement of responsibility: Imaging performed under the auspices of His Eminence Archbishop Damianos and The Holy Council, Father Justin Sinaites Librarian, Early Manuscripts Electronic Library. Phelps Michael B. Project Director; Kasotakis Damianos. Imaging Director","Schneider | APO-DIGITAR 120/5.6 SES","11","The Holy Monastery of Saint Catherine Sinai | Kasotakis Vasilios | Galanis Lampros | Georgiades Christos","http://iiif.library.ucla.edu/ark%3A%2F21198%2Fz1qr61d2/manifest"
"","","sinai","Sinai Arabic 229. Prayers, Sticherarion, and Theotokia : manuscript, [13th c.]. St. Catherine's Monastery, Sinai, Egypt","","","paged","ark:/21198/z1bk2gmg","ark:/21198/z1m058q3","Work","","Sticherarion","","1201/1300","","13th c.","","","","","","","","","","","","","","","Kamil","","","","","142 ff. ; 583.1 g","Codex","187 x 137 x 55 mm","Paper","","","","","","","","","","","","text","Liturgical texts|~|Hymnals","ara","right-to-left","Arabic","Naskh","","Images: Contact the Monastery of St. Catherine's of the Sinai. Metadata: Unless otherwise indicated all metadata associated with this manuscript is copyright the authors and released under Creative Commons Attribution 4.0 International License.","To inquire about image rights, contact St. Catherine's Monastery, https://www.sinaimonastery.com, sinaimonastery@gmail.com.","Saint Catherine (Monastery : Mount Sinai)","Sinai Arabic 229","","Sinai. Old Collection","","","https://www.nli.org.il/en/manuscripts/NNL_ALEPH003871394/NLI","","Statement of responsibility: Imaging performed under the auspices of His Eminence Archbishop Damianos and The Holy Council, Father Justin Sinaites Librarian, Early Manuscripts Electronic Library. Phelps Michael B. Project Director; Kasotakis Damianos. Imaging Director","Schneider | APO-DIGITAR 120/5.6 SES","11","The Holy Monastery of Saint Catherine Sinai | Kasotakis Vasilios | Galanis Lampros | Georgiades Christos","http://iiif.library.ucla.edu/ark%3A%2F21198%2Fz1m058q3/manifest"
"","","sinai","Sinai Arabic 240. Canons, Troparia and Theotokia : manuscript, 1337. St. Catherine's Monastery, Sinai, Egypt","","","paged","ark:/21198/z1bk2gmg","ark:/21198/z1g74j2p","Work","ألحان","Troparion","","1337","","1337","","","","","","","","","Kanons, Troparia, Chants, Theotokia","","","","","","Kamil","","","","","197 ff. ; 966.9 g","Codex","188 x 153 x 75 mm","Paper","","","","","","","","","","","","text","Liturgical texts|~|Hymnals","ara","right-to-left","Arabic","Naskh","","Images: Contact the Monastery of St. Catherine's of the Sinai. Metadata: Unless otherwise indicated all metadata associated with this manuscript is copyright the authors and released under Creative Commons Attribution 4.0 International License.","To inquire about image rights, contact St. Catherine's Monastery, https://www.sinaimonastery.com, sinaimonastery@gmail.com.","Saint Catherine (Monastery : Mount Sinai)","Sinai Arabic 240","","Sinai. Old Collection","","","https://www.nli.org.il/en/manuscripts/NNL_ALEPH003871403/NLI","","Statement of responsibility: Imaging performed under the auspices of His Eminence Archbishop Damianos and The Holy Council, Father Justin Sinaites Librarian, Early Manuscripts Electronic Library. Phelps Michael B. Project Director; Kasotakis Damianos. Imaging Director","Schneider | APO-DIGITAR 120/5.6 SES","11","The Holy Monastery of Saint Catherine Sinai | Kasotakis Vasilios | Galanis Lampros | Georgiades Christos","http://iiif.library.ucla.edu/ark%3A%2F21198%2Fz1g74j2p/manifest"
"","","sinai","Sinai Arabic 252. Kathismata for feasts : manuscript, 1010. St. Catherine's Monastery, Sinai, Egypt","","","paged","ark:/21198/z1bk2gmg","ark:/21198/z1bk2gnx","Work","","Bible. Psalms|~|Psalter","","1010","","1010","","","","","","","","","","","","","","","Kamil","","","","","167 ff. ; 821.4 g","Codex","186 x 143 x 76 mm","Paper","","","","","","","","","","","","text","Liturgical texts|~|Biblical texts","ara|~|grc","right-to-left","Arabic|~|Greek","Naskh","","Images: Contact the Monastery of St. Catherine's of the Sinai. Metadata: Unless otherwise indicated all metadata associated with this manuscript is copyright the authors and released under Creative Commons Attribution 4.0 International License.","To inquire about image rights, contact St. Catherine's Monastery, https://www.sinaimonastery.com, sinaimonastery@gmail.com.","Saint Catherine (Monastery : Mount Sinai)","Sinai Arabic 252","","Sinai. Old Collection","","","http://www.loc.gov/item/00279384647-ms/","","Statement of responsibility: Imaging performed under the auspices of His Eminence Archbishop Damianos and The Holy Council, Father Justin Sinaites Librarian, Early Manuscripts Electronic Library. Phelps Michael B. Project Director; Kasotakis Damianos. Imaging Director","Schneider | APO-DIGITAR 120/5.6 SES","11","The Holy Monastery of Saint Catherine Sinai | Kasotakis Vasilios | Galanis Lampros | Georgiades Christos","http://iiif.library.ucla.edu/ark%3A%2F21198%2Fz1bk2gnx/manifest"
"","","sinai","Sinai Arabic 260. Book of Liturgy (Euchologia) : manuscript, [13th c.]. St. Catherine's Monastery, Sinai, Egypt","","","paged","ark:/21198/z1bk2gmg","ark:/21198/z16t1r1z","Work","","Euchologion","","1201/1300","","13th c.","","","","","","","","","","","","","","","Kamil","","","","","43 ff. ; 342.8 g","Codex","206 x 133 x 34 mm","Paper","","","","","","","","","","","Rodent damage on last three folia","text","Liturgical texts","ara","right-to-left","Arabic","Naskh","","Images: Contact the Monastery of St. Catherine's of the Sinai. Metadata: Unless otherwise indicated all metadata associated with this manuscript is copyright the authors and released under Creative Commons Attribution 4.0 International License.","To inquire about image rights, contact St. Catherine's Monastery, https://www.sinaimonastery.com, sinaimonastery@gmail.com.","Saint Catherine (Monastery : Mount Sinai)","Sinai Arabic 260","","Sinai. Old Collection","","","https://www.nli.org.il/en/manuscripts/NNL_ALEPH003891670/NLI","","Statement of responsibility: Imaging performed under the auspices of His Eminence Archbishop Damianos and The Holy Council, Father Justin Sinaites Librarian, Early Manuscripts Electronic Library. Phelps Michael B. Project Director; Kasotakis Damianos. Imaging Director","Schneider | APO-DIGITAR 120/5.6 SES","11","The Holy Monastery of Saint Catherine Sinai | Kasotakis Vasilios | Galanis Lampros | Georgiades Christos","http://iiif.library.ucla.edu/ark%3A%2F21198%2Fz16t1r1z/manifest"
"","","sinai","Sinai Arabic 265. Typikon : manuscript, [13th c.]. St. Catherine's Monastery, Sinai, Egypt","","","paged","ark:/21198/z1bk2gmg","ark:/21198/z132108g","Work","","Typikon","","1201/1300","","13th c.","","","","","","","","","","","","","","","Kamil","","","","","192 ff. ; 790.1 g","Codex","189 x 133 x 62 mm","Paper","","","","","Decorative illustration on ff. 163r and 190v. Illustrations of saint on ff. 191v, and 192r.","","","","","Rubrication|~|Illustration(s)","Only a fragment of f. 150 remains.","text","Liturgical texts","ara","right-to-left","Arabic","Naskh","","Images: Contact the Monastery of St. Catherine's of the Sinai. Metadata: Unless otherwise indicated all metadata associated with this manuscript is copyright the authors and released under Creative Commons Attribution 4.0 International License.","To inquire about image rights, contact St. Catherine's Monastery, https://www.sinaimonastery.com, sinaimonastery@gmail.com.","Saint Catherine (Monastery : Mount Sinai)","Sinai Arabic 265","","Sinai. Old Collection","","","https://www.nli.org.il/en/manuscripts/NNL_ALEPH003871416/NLI","","Statement of responsibility: Imaging performed under the auspices of His Eminence Archbishop Damianos and The Holy Council, Father Justin Sinaites Librarian, Early Manuscripts Electronic Library. Phelps Michael B. Project Director; Kasotakis Damianos. Imaging Director","Schneider | APO-DIGITAR 90/4.8 SES","11","The Holy Monastery of Saint Catherine Sinai | Kasotakis Vasilios | Galanis Lampros | Georgiades Christos","http://iiif.library.ucla.edu/ark%3A%2F21198%2Fz132108g/manifest"
"","","sinai","Sinai Arabic 276. Mimars by St. Gregory the Theologian : manuscript, 1223. St. Catherine's Monastery, Sinai, Egypt","","","paged","ark:/21198/z1bk2gmg","ark:/21198/z1z90gqw","Work","","","","1223","","1223","","","","Gregory, of Nazianzus, Saint","","","","","","","","","","","Kamil","","","","","358 ff. ; 2402.3 g","Codex","256 x 185 x 99 mm","Paper","ff. 267, 268, and 269 lacking","","","","","","","","","","Some folio numbers extremely faint","text","Theological works|~|Mimars","ara","right-to-left","Arabic","Naskh","","Images: Contact the Monastery of St. Catherine's of the Sinai. Metadata: Unless otherwise indicated all metadata associated with this manuscript is copyright the authors and released under Creative Commons Attribution 4.0 International License.","To inquire about image rights, contact St. Catherine's Monastery, https://www.sinaimonastery.com, sinaimonastery@gmail.com.","Saint Catherine (Monastery : Mount Sinai)","Sinai Arabic 276","","Sinai. Old Collection","","","https://www.nli.org.il/en/manuscripts/NNL_ALEPH003870996/NLI","","Statement of responsibility: Imaging performed under the auspices of His Eminence Archbishop Damianos and The Holy Council, Father Justin Sinaites Librarian, Early Manuscripts Electronic Library. Phelps Michael B. Project Director; Kasotakis Damianos. Imaging Director","Schneider | APO-DIGITAR 90/4.8 SES","11","The Holy Monastery of Saint Catherine Sinai | Kasotakis Vasilios | Galanis Lampros | Georgiades Christos","http://iiif.library.ucla.edu/ark%3A%2F21198%2Fz1z90gqw/manifest"
"","","sinai","Sinai Arabic 295. Commentary on the Gospel of St. John by St. John Chrysostom : manuscript, [12th c.]. St. Catherine's Monastery, Sinai, Egypt","","","paged","ark:/21198/z1bk2gmg","ark:/21198/z1th9r01","Work","","","","1101/1300","","12th c.","","","","John Chrysostom, Saint, -407","","","","","","","","","","","Kamil","","","","","99 ff. ; 309.8 g","Codex","208 x 143 x 26 mm","Paper","","","","","","","","","","","Front and back boards lacking","text","Theological works|~|Commentaries","ara","right-to-left","Arabic","Naskh","","Images: Contact the Monastery of St. Catherine's of the Sinai. Metadata: Unless otherwise indicated all metadata associated with this manuscript is copyright the authors and released under Creative Commons Attribution 4.0 International License.","To inquire about image rights, contact St. Catherine's Monastery, https://www.sinaimonastery.com, sinaimonastery@gmail.com.","Saint Catherine (Monastery : Mount Sinai)","Sinai Arabic 295","","Sinai. Old Collection","","","https://www.nli.org.il/en/manuscripts/NNL_ALEPH003871003/NLI","","Statement of responsibility: Imaging performed under the auspices of His Eminence Archbishop Damianos and The Holy Council, Father Justin Sinaites Librarian, Early Manuscripts Electronic Library. Phelps Michael B. Project Director; Kasotakis Damianos. Imaging Director","Schneider | APO-DIGITAR 120/5.6 SES","11","The Holy Monastery of Saint Catherine Sinai | Kasotakis Vasilios | Galanis Lampros | Georgiades Christos","http://iiif.library.ucla.edu/ark%3A%2F21198%2Fz1th9r01/manifest"
"","","sinai","Sinai Arabic 367. Sayings of St. Dorotheus. Different Mimars : manuscript, [13th c.]. St. Catherine's Monastery, Sinai, Egypt","","","paged","ark:/21198/z1bk2gmg","ark:/21198/z1pr908p","Work","","","","1201/1300","","13th c.","","","","","","","","","","","","","","","Kamil","","","","","175 ff. ; 675.7 g","Codex","207 x 144 x 48 mm","Paper","","","","","","","","","","","Front and back boards lacking","text","Theological works|~|Apophthegmata","ara","right-to-left","Arabic","Naskh","","Images: Contact the Monastery of St. Catherine's of the Sinai. Metadata: Unless otherwise indicated all metadata associated with this manuscript is copyright the authors and released under Creative Commons Attribution 4.0 International License.","To inquire about image rights, contact St. Catherine's Monastery, https://www.sinaimonastery.com, sinaimonastery@gmail.com.","Saint Catherine (Monastery : Mount Sinai)","Sinai Arabic 367","","Sinai. Old Collection","","","https://www.nli.org.il/en/manuscripts/NNL_ALEPH003871026/NLI","","Statement of responsibility: Imaging performed under the auspices of His Eminence Archbishop Damianos and The Holy Council, Father Justin Sinaites Librarian, Early Manuscripts Electronic Library. Phelps Michael B. Project Director; Kasotakis Damianos. Imaging Director","Schneider | APO-DIGITAR 90/4.8 SES","11","The Holy Monastery of Saint Catherine Sinai | Kasotakis Vasilios | Galanis Lampros | Georgiades Christos","http://iiif.library.ucla.edu/ark%3A%2F21198%2Fz1pr908p/manifest"
"","","sinai","Sinai Arabic 408. Menologion for the month of Ab : manuscript, 1258. St. Catherine's Monastery, Sinai, Egypt","","","paged","ark:/21198/z1bk2gmg","ark:/21198/z1k087nm","Work","","Menologion","","1258","","1258","","","","","","","","","Menologion for the mont of Ab (August), beginning on the 7th with the martyrdom of St. Dometius and ending on the 31st with a Mimar by St. Germanus Archbishop of Constantinople on the restoration of Our Lady's Sanctuary","","","","","","Kamil","","","","","165 ff. ; 3296.2 g","Codex","373 x 270 x 73 mm","Paper","","","","","","","","","","","","text","Liturgical texts|~|Hagiographies","ara","right-to-left","Arabic","Naskh","","Images: Contact the Monastery of St. Catherine's of the Sinai. Metadata: Unless otherwise indicated all metadata associated with this manuscript is copyright the authors and released under Creative Commons Attribution 4.0 International License.","To inquire about image rights, contact St. Catherine's Monastery, https://www.sinaimonastery.com, sinaimonastery@gmail.com.","Saint Catherine (Monastery : Mount Sinai)","Sinai Arabic 408","","Sinai. Old Collection","","","http://www.loc.gov/item/00279389980-ms/","","Statement of responsibility: Imaging performed under the auspices of His Eminence Archbishop Damianos and The Holy Council, Father Justin Sinaites Librarian, Early Manuscripts Electronic Library. Phelps Michael B. Project Director; Kasotakis Damianos. Imaging Director","Schneider | APO-DIGITAR 90/4.8 SES","11","The Holy Monastery of Saint Catherine Sinai | Kasotakis Vasilios | Galanis Lampros | Georgiades Christos","http://iiif.library.ucla.edu/ark%3A%2F21198%2Fz1k087nm/manifest"
"","","sinai","Sinai Arabic 409. Menologion for the month of Ab : manuscript, [13th c.]. St. Catherine's Monastery, Sinai, Egypt","","","paged","ark:/21198/z1bk2gmg","ark:/21198/z1fb6678","Work","","Menologion","","1201/1300","","13th c.","","","","","","","","","Menologion written by Eusebius for the month of Ab, beginning on the 4th with the martyrdom of the Seven Saints of Ephesus and ending on the 31st by the Mimar of St. Germanus","","","","","","Kamil","","","","","204 ff. ; 2764.7 g","Codex","322 x 235 x 70 mm","Paper","","","","","","","","","","","","text","Liturgical texts|~|Hagiographies","ara","right-to-left","Arabic","Naskh","","Images: Contact the Monastery of St. Catherine's of the Sinai. Metadata: Unless otherwise indicated all metadata associated with this manuscript is copyright the authors and released under Creative Commons Attribution 4.0 International License.","To inquire about image rights, contact St. Catherine's Monastery, https://www.sinaimonastery.com, sinaimonastery@gmail.com.","Saint Catherine (Monastery : Mount Sinai)","Sinai Arabic 409","","Sinai. Old Collection","","","http://www.loc.gov/item/00279388471-ms/","","Statement of responsibility: Imaging performed under the auspices of His Eminence Archbishop Damianos and The Holy Council, Father Justin Sinaites Librarian, Early Manuscripts Electronic Library. Phelps Michael B. Project Director; Kasotakis Damianos. Imaging Director","Schneider | APO-DIGITAR 90/4.8 SES","11","The Holy Monastery of Saint Catherine Sinai | Kasotakis Vasilios | Galanis Lampros | Georgiades Christos","http://iiif.library.ucla.edu/ark%3A%2F21198%2Fz1fb6678/manifest"
"","","sinai","Sinai Arabic 411. Lives of Saints and Martyrdoms : manuscript, 1287. St. Catherine's Monastery, Sinai, Egypt","","","paged","ark:/21198/z1bk2gmg","ark:/21198/z19k5fkf","Work","","","","1287","","1287","","","","","","","","","Life of St. Pachomius ; Chronology of Israel from Moses to Christ ; Martyrdom of St. Basiliscus ; Apophthegmata ; Epistle of Anba Macarius, Bishop of Mt. Sinai ; Part of Prayer to Our Lady. Miracles of St. John Metropolitan of Edessa ; Story of St. Epimachus of Alexandria ; Miracles of St. Eustratius","","","","","","Kamil","","","","","209 ff. ; 1044.1 g","Codex","192 x 155 x 74 mm","Paper","","","","","","","","","","","Loose quires","text","Historical works|~|Hagiographies","ara","right-to-left","Arabic","Naskh","","Images: Contact the Monastery of St. Catherine's of the Sinai. Metadata: Unless otherwise indicated all metadata associated with this manuscript is copyright the authors and released under Creative Commons Attribution 4.0 International License.","To inquire about image rights, contact St. Catherine's Monastery, https://www.sinaimonastery.com, sinaimonastery@gmail.com.","Saint Catherine (Monastery : Mount Sinai)","Sinai Arabic 411","","Sinai. Old Collection","","","http://www.loc.gov/item/00279388446-ms/","","Statement of responsibility: Imaging performed under the auspices of His Eminence Archbishop Damianos and The Holy Council, Father Justin Sinaites Librarian, Early Manuscripts Electronic Library. Phelps Michael B. Project Director; Kasotakis Damianos. Imaging Director","Schneider | APO-DIGITAR 90/4.8 SES","11","The Holy Monastery of Saint Catherine Sinai | Kasotakis Vasilios | Galanis Lampros | Georgiades Christos","http://iiif.library.ucla.edu/ark%3A%2F21198%2Fz19k5fkf/manifest"
"","","sinai","Sinai Arabic 419. Synaxarium for the whole year : manuscript, 1307. St. Catherine's Monastery, Sinai, Egypt","","","paged","ark:/21198/z1bk2gmg","ark:/21198/z15t4pt8","Work","","Synaxarion","","1307","","1307","","","","","","","","","","","","","","","Kamil","","","","","313 ff. ; 2146.5 g","Codex","276 x 196 x 80 mm","Paper","","","","","","","","","","","Front board lacking","text","Liturgical texts|~|Hagiographies","ara","right-to-left","Arabic","Naskh","","Images: Contact the Monastery of St. Catherine's of the Sinai. Metadata: Unless otherwise indicated all metadata associated with this manuscript is copyright the authors and released under Creative Commons Attribution 4.0 International License.","To inquire about image rights, contact St. Catherine's Monastery, https://www.sinaimonastery.com, sinaimonastery@gmail.com.","Saint Catherine (Monastery : Mount Sinai)","Sinai Arabic 419","","Sinai. Old Collection","","","https://www.nli.org.il/en/manuscripts/NNL_ALEPH003871423/NLI","","Statement of responsibility: Imaging performed under the auspices of His Eminence Archbishop Damianos and The Holy Council, Father Justin Sinaites Librarian, Early Manuscripts Electronic Library. Phelps Michael B. Project Director; Kasotakis Damianos. Imaging Director","Schneider | APO-DIGITAR 90/4.8 SES","11","The Holy Monastery of Saint Catherine Sinai | Kasotakis Vasilios | Galanis Lampros | Georgiades Christos","http://iiif.library.ucla.edu/ark%3A%2F21198%2Fz15t4pt8/manifest"
"","","sinai","Sinai Arabic 420. Synaxarium for the whole year : manuscript, 1288. St. Catherine's Monastery, Sinai, Egypt","","","paged","ark:/21198/z1bk2gmg","ark:/21198/z1223z2t","Work","","Synaxarion","","1288","","1288","","","","","","","","","Followed by a list of seventy Disciples","","","","","","Kamil","","","","","194 ff. ; 2242.1 g","Codex","305 x 234 x 88 mm","Paper","","","","","","","","","","","2/3 of front board split and lacking. Spine torn at the bottom.","text","Liturgical texts|~|Hagiographies","ara","right-to-left","Arabic","Naskh","","Images: Contact the Monastery of St. Catherine's of the Sinai. Metadata: Unless otherwise indicated all metadata associated with this manuscript is copyright the authors and released under Creative Commons Attribution 4.0 International License.","To inquire about image rights, contact St. Catherine's Monastery, https://www.sinaimonastery.com, sinaimonastery@gmail.com.","Saint Catherine (Monastery : Mount Sinai)","Sinai Arabic 420","","Sinai. Old Collection","","","http://www.loc.gov/item/00279390854-ms/","","Statement of responsibility: Imaging performed under the auspices of His Eminence Archbishop Damianos and The Holy Council, Father Justin Sinaites Librarian, Early Manuscripts Electronic Library. Phelps Michael B. Project Director; Kasotakis Damianos. Imaging Director","Schneider | APO-DIGITAR 90/4.8 SES","11","The Holy Monastery of Saint Catherine Sinai | Kasotakis Vasilios | Galanis Lampros | Georgiades Christos","http://iiif.library.ucla.edu/ark%3A%2F21198%2Fz1223z2t/manifest"
"","","sinai","Sinai Arabic 441. Mimars, Lives of Saints, and Varia : manuscript, 1196. St. Catherine's Monastery, Sinai, Egypt","","","paged","ark:/21198/z1bk2gmg","ark:/21198/z1x93fkh","Work","","","","1196","","1196","","","","","","","","","","","","","","","Kamil","","","","","324 ff. ; 1656.0 g","Codex","241 x 191 x 84 mm","Paper","","","","","","","","","","","Broken in places. Some folia loose. Tight between ff. 238–39.","text","Theological works|~|Apophthegmata","ara","right-to-left","Arabic","Naskh","","Images: Contact the Monastery of St. Catherine's of the Sinai. Metadata: Unless otherwise indicated all metadata associated with this manuscript is copyright the authors and released under Creative Commons Attribution 4.0 International License.","To inquire about image rights, contact St. Catherine's Monastery, https://www.sinaimonastery.com, sinaimonastery@gmail.com.","Saint Catherine (Monastery : Mount Sinai)","Sinai Arabic 441","","Sinai. Old Collection","","","http://www.loc.gov/item/00279390982-ms/","","Statement of responsibility: Imaging performed under the auspices of His Eminence Archbishop Damianos and The Holy Council, Father Justin Sinaites Librarian, Early Manuscripts Electronic Library. Phelps Michael B. Project Director; Kasotakis Damianos. Imaging Director","Schneider | APO-DIGITAR 90/4.8 SES","11","The Holy Monastery of Saint Catherine Sinai | Kasotakis Vasilios | Galanis Lampros | Georgiades Christos","http://iiif.library.ucla.edu/ark%3A%2F21198%2Fz1x93fkh/manifest"
"","","sinai","Sinai Arabic 454. Varia : manuscript, 1241. St. Catherine's Monastery, Sinai, Egypt","","","paged","ark:/21198/z1bk2gmg","ark:/21198/z1sj2pw7","Work","","","","1241","","1241","","","","","","","","","Antiochos: Pandektes, Athanasins: 138 Problem, Bios of Scetis: Mimars, Commentary on the Creed [?], The Epistle of Jesus to King Abgar","","","","","","Kamil","","","","","67 ff. ; 574.1 g","Codex","253 x 185 x 49 mm","Paper","","","","","","","Multiple inscriptions on last folio (recto and verso)","","","","","text","Theological works|~|Apophthegmata","ara|~|grc","right-to-left","Arabic|~|Greek","Naskh","","Images: Contact the Monastery of St. Catherine's of the Sinai. Metadata: Unless otherwise indicated all metadata associated with this manuscript is copyright the authors and released under Creative Commons Attribution 4.0 International License.","To inquire about image rights, contact St. Catherine's Monastery, https://www.sinaimonastery.com, sinaimonastery@gmail.com.","Saint Catherine (Monastery : Mount Sinai)","Sinai Arabic 454","","Sinai. Old Collection","","","https://www.nli.org.il/en/manuscripts/NNL_ALEPH003890983/NLI","","Statement of responsibility: Imaging performed under the auspices of His Eminence Archbishop Damianos and The Holy Council, Father Justin Sinaites Librarian, Early Manuscripts Electronic Library. Phelps Michael B. Project Director; Kasotakis Damianos. Imaging Director","Schneider | APO-DIGITAR 90/4.8 SES","11","The Holy Monastery of Saint Catherine Sinai | Kasotakis Vasilios | Galanis Lampros | Georgiades Christos","http://iiif.library.ucla.edu/ark%3A%2F21198%2Fz1sj2pw7/manifest"
"","","sinai","Sinai Arabic 466. Sticherarion ; Canons ; Kontakion : manuscript, [13th c.]. St. Catherine's Monastery, Sinai, Egypt","","","paged","ark:/21198/z1bk2gmg","ark:/21198/z1ns1z88","Work","","Sticherarion|~|Kontakarion","","1200/1299","","13th c.","","","","","","","","","Sticherarion, Canon of Obeisance of St. Andrew Bishop of Crete, Kontakion of Our Lady, and Treatises by John Chrysostom, Nilus and Carpatheus","","","","","","Kamil","","","","","209 ff. ; 774.1 g","Codex","191 x 140 x 62 mm","Paper","","","","","","","","","","","ff. 1–52 rodent damage with loss of text","text","Liturgical texts|~|Hymnals","ara","right-to-left","Arabic","Naskh","","Images: Contact the Monastery of St. Catherine's of the Sinai. Metadata: Unless otherwise indicated all metadata associated with this manuscript is copyright the authors and released under Creative Commons Attribution 4.0 International License.","To inquire about image rights, contact St. Catherine's Monastery, https://www.sinaimonastery.com, sinaimonastery@gmail.com.","Saint Catherine (Monastery : Mount Sinai)","Sinai Arabic 466","","Sinai. Old Collection","","","https://www.nli.org.il/en/manuscripts/NNL_ALEPH003891675/NLI","","Statement of responsibility: Imaging performed under the auspices of His Eminence Archbishop Damianos and The Holy Council, Father Justin Sinaites Librarian, Early Manuscripts Electronic Library. Phelps Michael B. Project Director; Kasotakis Damianos. Imaging Director","Schneider | APO-DIGITAR 120/5.6 SES","11","The Holy Monastery of Saint Catherine Sinai | Kasotakis Vasilios | Galanis Lampros | Georgiades Christos","http://iiif.library.ucla.edu/ark%3A%2F21198%2Fz1ns1z88/manifest"
"","","sinai","Sinai Arabic 496. Apophthegmata ; Lives of Saints : manuscript, 1239. St. Catherine's Monastery, Sinai, Egypt","","","paged","ark:/21198/z1bk2gmg","ark:/21198/z1j39wv8","Work","","","","1239","","1239","","","","","","","","","Apophthegmata, incomplete at beginning, followed by the sayings of Stoma Thalassa ; A story of St. Stephen of the Monastery of St. Saba ; The monastic teachings of St. Basil Bishop of Caesarea","","","","","","Kamil","","","","","171 ff. ; 804.8 g","Codex","208 x 146 x 51 mm","Paper","f. 172 glued down to inside back board","","","","","","","","","","Front board lacking","text","Theological works|~|Apophthegmata","ara","right-to-left","Arabic","Naskh","","Images: Contact the Monastery of St. Catherine's of the Sinai. Metadata: Unless otherwise indicated all metadata associated with this manuscript is copyright the authors and released under Creative Commons Attribution 4.0 International License.","To inquire about image rights, contact St. Catherine's Monastery, https://www.sinaimonastery.com, sinaimonastery@gmail.com.","Saint Catherine (Monastery : Mount Sinai)","Sinai Arabic 496","","Sinai. Old Collection","","","http://www.loc.gov/item/00279390106-ms/","","Statement of responsibility: Imaging performed under the auspices of His Eminence Archbishop Damianos and The Holy Council, Father Justin Sinaites Librarian, Early Manuscripts Electronic Library. Phelps Michael B. Project Director; Kasotakis Damianos. Imaging Director","Schneider | APO-DIGITAR 90/4.8 SES","11","The Holy Monastery of Saint Catherine Sinai | Kasotakis Vasilios | Galanis Lampros | Georgiades Christos","http://iiif.library.ucla.edu/ark%3A%2F21198%2Fz1j39wv8/manifest"
"","","sinai","Sinai Arabic 508. Lives of Saints ; Mimars : manuscript, [10th c.]. St. Catherine's Monastery, Sinai, Egypt","","","paged","ark:/21198/z1bk2gmg","ark:/21198/z1db957p","Work","","","","901/1000","","10th c.","","","","","","","","","Story of St. Clement’s meeting with his parents and brothers through the Apostle Peter ; Mimars and Homilies by SS. Dorotheus, Isaac, Isaiah, Anastasius, John Chrysostom and others ; Paradise of the Fathers
by Palladius ; Apophthegmata ; Stories from the Life of Jesus ; Epistle of St. Clement to Peter the Apostle ; Chapter selection from the Bible","","","","","","Kamil","","","","","158 ff. ; 491.2 g","Codex","210 x 164 x 38 mm","Paper|~|Parchment","f. 133 lacking","","","","","","","","","","Front or back boards lacking. First two leaves fragile. ff. 80–84 parchment.","text","Historical works|~|Hagiographies","ara","right-to-left","Arabic","","","Images: Contact the Monastery of St. Catherine's of the Sinai. Metadata: Unless otherwise indicated all metadata associated with this manuscript is copyright the authors and released under Creative Commons Attribution 4.0 International License.","To inquire about image rights, contact St. Catherine's Monastery, https://www.sinaimonastery.com, sinaimonastery@gmail.com.","Saint Catherine (Monastery : Mount Sinai)","Sinai Arabic 508","","Sinai. Old Collection","","","http://www.loc.gov/item/00279390167-ms/","","Statement of responsibility: Imaging performed under the auspices of His Eminence Archbishop Damianos and The Holy Council, Father Justin Sinaites Librarian, Early Manuscripts Electronic Library. Phelps Michael B. Project Director; Kasotakis Damianos. Imaging Director","Schneider | APO-DIGITAR 120/5.6 SES","11","The Holy Monastery of Saint Catherine Sinai | Kasotakis Vasilios | Galanis Lampros | Georgiades Christos","http://iiif.library.ucla.edu/ark%3A%2F21198%2Fz1db957p/manifest"
"","","sinai","Sinai Arabic 510. Selection of Mimars ; The story of John of Dailam : manuscript, [13th c.]. St. Catherine's Monastery, Sinai, Egypt","","","paged","ark:/21198/z1bk2gmg","ark:/21198/z18k8ddm","Work","","","","1201/1300","","13th c.","","","","","","","","","Selection of Mimars, The story of John of Dailam","","","","","","Kamil","","","","","205 ff. ; 849.1 g","Codex","187 x 145 x 66 mm","Paper","f. 199 lacking","","","","","","","","","","","text","Theological works|~|Apophthegmata","ara","right-to-left","Arabic","","","Images: Contact the Monastery of St. Catherine's of the Sinai. Metadata: Unless otherwise indicated all metadata associated with this manuscript is copyright the authors and released under Creative Commons Attribution 4.0 International License.","To inquire about image rights, contact St. Catherine's Monastery, https://www.sinaimonastery.com, sinaimonastery@gmail.com.","Saint Catherine (Monastery : Mount Sinai)","Sinai Arabic 510","","Sinai. Old Collection","","","https://www.nli.org.il/en/manuscripts/NNL_ALEPH003891682/NLI","","Statement of responsibility: Imaging performed under the auspices of His Eminence Archbishop Damianos and The Holy Council, Father Justin Sinaites Librarian, Early Manuscripts Electronic Library. Phelps Michael B. Project Director; Kasotakis Damianos. Imaging Director","Schneider | APO-DIGITAR 120/5.6 SES","11","The Holy Monastery of Saint Catherine Sinai | Kasotakis Vasilios | Galanis Lampros | Georgiades Christos","http://iiif.library.ucla.edu/ark%3A%2F21198%2Fz18k8ddm/manifest"
"","","sinai","Sinai Arabic 532. Martyrdoms and Lives of Saints ; Mimars : manuscript, 1237. St. Catherine's Monastery, Sinai, Egypt","","","paged","ark:/21198/z1bk2gmg","ark:/21198/z14t7nnf","Work","","","","1237","","1237","","","","","","","","","Life of St. John Theologus ; Mimar of St. Andrew Bishop of Crete ; Martyrdom of SS. Quiricus and Julitta his mother ; Life of St. Catherine","","","","","","Kamil","","","","","206 ff. ; 848.2 g","Codex","189 x 142 x 67 mm","Paper","f. 85 lacking","","","","","","","","","","","text","Historical works|~|Hagiographies","ara","right-to-left","Arabic","Naskh","","Images: Contact the Monastery of St. Catherine's of the Sinai. Metadata: Unless otherwise indicated all metadata associated with this manuscript is copyright the authors and released under Creative Commons Attribution 4.0 International License.","To inquire about image rights, contact St. Catherine's Monastery, https://www.sinaimonastery.com, sinaimonastery@gmail.com.","Saint Catherine (Monastery : Mount Sinai)","Sinai Arabic 532","","Sinai. Old Collection","","","http://www.loc.gov/item/00279390246-ms/","","Statement of responsibility: Imaging performed under the auspices of His Eminence Archbishop Damianos and The Holy Council, Father Justin Sinaites Librarian, Early Manuscripts Electronic Library. Phelps Michael B. Project Director; Kasotakis Damianos. Imaging Director","Schneider | APO-DIGITAR 120/5.6 SES","11","The Holy Monastery of Saint Catherine Sinai | Kasotakis Vasilios | Galanis Lampros | Georgiades Christos","http://iiif.library.ucla.edu/ark%3A%2F21198%2Fz14t7nnf/manifest"
"","","sinai","Sinai Arabic 548. Paradise of the Fathers ; Mimars : manuscript, 1306. St. Catherine's Monastery, Sinai, Egypt","","","paged","ark:/21198/z1bk2gmg","ark:/21198/z1126wx1","Work","","","","1306","","1306","","","","","","","","","Selection from the Paradise of the Fathers ; Mimars by St. Ephraem ; Encomium to St. Catherine","","","","","","Kamil","","","","","194 ff. ; 920.4 g","Codex","199 x 142 x 71 mm","Paper","","","","","Decorative element on f. 2r","","Inscriptions on ff. 1r and 2r","","","Rubrication|~|Illustration(s)","","text","Historical works|~|Hagiographies","ara","right-to-left","Arabic","Naskh","","Images: Contact the Monastery of St. Catherine's of the Sinai. Metadata: Unless otherwise indicated all metadata associated with this manuscript is copyright the authors and released under Creative Commons Attribution 4.0 International License.","To inquire about image rights, contact St. Catherine's Monastery, https://www.sinaimonastery.com, sinaimonastery@gmail.com.","Saint Catherine (Monastery : Mount Sinai)","Sinai Arabic 548","","Sinai. Old Collection","","","http://www.loc.gov/item/00279390477-ms/","","Statement of responsibility: Imaging performed under the auspices of His Eminence Archbishop Damianos and The Holy Council, Father Justin Sinaites Librarian, Early Manuscripts Electronic Library. Phelps Michael B. Project Director; Kasotakis Damianos. Imaging Director","Schneider | APO-DIGITAR 120/5.6 SES","11","The Holy Monastery of Saint Catherine Sinai | Kasotakis Vasilios | Galanis Lampros | Georgiades Christos","http://iiif.library.ucla.edu/ark%3A%2F21198%2Fz1126wx1/manifest"
"","","sinai","Sinai Arabic 581. Mimars (9) by Theodore Bishop of Harrān : manuscript, [12th c.]. St. Catherine's Monastery, Sinai, Egypt","","","paged","ark:/21198/z1bk2gmg","ark:/21198/z1w96dgk","Work","","","","1101/1200","","12th c.","","","","","","","","","","","","","","","Kamil","","","","","206 ff. ; 636.0 g","Codex","197 x 159 x 61 mm","Paper","f. 121 lacking","","","","","","","","","","Front and back boards lacking. Last quires curved.","text","Theological works|~|Mimars","ara","right-to-left","Arabic","","","Images: Contact the Monastery of St. Catherine's of the Sinai. Metadata: Unless otherwise indicated all metadata associated with this manuscript is copyright the authors and released under Creative Commons Attribution 4.0 International License.","To inquire about image rights, contact St. Catherine's Monastery, https://www.sinaimonastery.com, sinaimonastery@gmail.com.","Saint Catherine (Monastery : Mount Sinai)","Sinai Arabic 581","","Sinai. Old Collection","","","https://www.nli.org.il/en/manuscripts/NNL_ALEPH003871038/NLI","","Statement of responsibility: Imaging performed under the auspices of His Eminence Archbishop Damianos and The Holy Council, Father Justin Sinaites Librarian, Early Manuscripts Electronic Library. Phelps Michael B. Project Director; Kasotakis Damianos. Imaging Director","Schneider | APO-DIGITAR 120/5.6 SES","11","The Holy Monastery of Saint Catherine Sinai | Kasotakis Vasilios | Galanis Lampros | Georgiades Christos","http://iiif.library.ucla.edu/ark%3A%2F21198%2Fz1w96dgk/manifest"
"","","sinai","Sinai Arabic 621. Commentary on the Epistle to the Romans by St. John Chrysostom : manuscript, [13th c.]. St. Catherine's Monastery, Sinai, Egypt","","","paged","ark:/21198/z1bk2gmg","ark:/21198/z1rj5ntr","Work","","","","1201/1300","","13th c.","","","","John Chrysostom, Saint, -407","","","","","","","","","","","Kamil","","","","","147 ff. ; 583.3 g","Codex","188 x 139 x 40 mm","Paper","","","","","","","","","","Rubrication","","text","Theological works|~|Commentaries","ara","right-to-left","Arabic","Naskh","","Images: Contact the Monastery of St. Catherine's of the Sinai. Metadata: Unless otherwise indicated all metadata associated with this manuscript is copyright the authors and released under Creative Commons Attribution 4.0 International License.","To inquire about image rights, contact St. Catherine's Monastery, https://www.sinaimonastery.com, sinaimonastery@gmail.com.","Saint Catherine (Monastery : Mount Sinai)","Sinai Arabic 621","","Sinai. Old Collection","","","https://www.nli.org.il/en/manuscripts/NNL_ALEPH003891692/NLI","","Statement of responsibility: Imaging performed under the auspices of His Eminence Archbishop Damianos and The Holy Council, Father Justin Sinaites Librarian, Early Manuscripts Electronic Library. Phelps Michael B. Project Director; Kasotakis Damianos. Imaging Director","Schneider | APO-DIGITAR 120/5.6 SES","11","The Holy Monastery of Saint Catherine Sinai | Kasotakis Vasilios | Galanis Lampros","http://iiif.library.ucla.edu/ark%3A%2F21198%2Fz1rj5ntr/manifest"
"","","sinai","Sinai Arabic 680. Lectionary (Gospels) : manuscript, 1333. St. Catherine's Monastery, Sinai, Egypt","","","paged","ark:/21198/z1bk2gmg","ark:/21198/z1mw3mg9","Work","","Lectionary","","1333","","1333","","","","","","","","","With commentary on some lessons by St. John Chrysostom","","","","","","Kamil","","","","","376 ff. ; 2154.2 g","Codex","260 x 187 x 90 mm","Paper","","","","","","","","","","","","text","Liturgical texts|~|Lectionaries|~|Biblical texts|~|Gospel books","ara","right-to-left","Arabic","Naskh","","Images: Contact the Monastery of St. Catherine's of the Sinai. Metadata: Unless otherwise indicated all metadata associated with this manuscript is copyright the authors and released under Creative Commons Attribution 4.0 International License.","To inquire about image rights, contact St. Catherine's Monastery, https://www.sinaimonastery.com, sinaimonastery@gmail.com.","Saint Catherine (Monastery : Mount Sinai)","Sinai Arabic 680","","Sinai. Old Collection","","","http://www.loc.gov/item/00279391494-ms/","","Statement of responsibility: Imaging performed under the auspices of His Eminence Archbishop Damianos and The Holy Council, Father Justin Sinaites Librarian, Early Manuscripts Electronic Library. Phelps Michael B. Project Director; Kasotakis Damianos. Imaging Director","Schneider | APO-DIGITAR 90/4.8 SES","11","The Holy Monastery of Saint Catherine Sinai | Kasotakis Vasilios | Galanis Lampros | Georgiades Christos","http://iiif.library.ucla.edu/ark%3A%2F21198%2Fz1mw3mg9/manifest"
"","","sinai","Sinai Arabic 695. Covenant of the Prophet Muhammad in Arabic : manuscript, 1684. St. Catherine's Monastery, Sinai, Egypt","","","paged","ark:/21198/z1bk2gmg","ark:/21198/z11c315s","Work","السّجل العَهْد|~|عهدنامه|~|آشتی‌نامه","","","1684","","1684","","","","","","","","","Copy of the Covenant of the Prophet Muhammad in Arabic, followed by a Turkish translation","","","","","","Kamil","","","","","25 ff. ; 91.3 g","Codex","149 x 105 x 9 mm","Paper","","","","","","","","","","","","text","Charters","ara|~|ota","right-to-left","Arabic|~|Ottoman Turkish","","","Images: Contact the Monastery of St. Catherine's of the Sinai. Metadata: Unless otherwise indicated all metadata associated with this manuscript is copyright the authors and released under Creative Commons Attribution 4.0 International License.","To inquire about image rights, contact St. Catherine's Monastery, https://www.sinaimonastery.com, sinaimonastery@gmail.com.","Saint Catherine (Monastery : Mount Sinai)","Sinai Arabic 695","","Sinai. Old Collection","","","http://www.loc.gov/item/00279391500-ms/","","Statement of responsibility: Imaging performed under the auspices of His Eminence Archbishop Damianos and The Holy Council, Father Justin Sinaites Librarian, Early Manuscripts Electronic Library. Phelps Michael B. Project Director; Kasotakis Damianos. Imaging Director","Schneider | APO-DIGITAR 120/5.6 SES","11","The Holy Monastery of Saint Catherine Sinai | Kasotakis Vasilios | Galanis Lampros","http://iiif.library.ucla.edu/ark%3A%2F21198%2Fz11c315s/manifest"
"","","sinai","Sinai Syriac 1B. Series(, ) : manuscript, 1094. St. Catherine's Monastery, Sinai, Egypt","","","paged","ark:/21198/z1bk2gmg","ark:/21198/z1h42vts","Work","","Series(|~|)","","1094","","1094","","","","","","","","","","","","","","","Series(|~|)","","","","","155 ff. ; 2047.4 g","Codex","258 x 209 x 105 mm","Parchment","f. 1 lacking","","","","","","","","","Rubrication","Leather on spine split","text","Series(|~|)","cpa","right-to-left","Christian Palestinian Aramaic","","","Images: Contact the Monastery of St. Catherine's of the Sinai. Metadata: Unless otherwise indicated all metadata associated with this manuscript is copyright the authors and released under Creative Commons Attribution 4.0 International License.","To inquire about image rights, contact St. Catherine's Monastery, https://www.sinaimonastery.com, sinaimonastery@gmail.com.","Saint Catherine (Monastery : Mount Sinai)","Sinai Syriac 1B","","Sinai. Old Collection","","","","","Statement of responsibility: Imaging performed under the auspices of His Eminence Archbishop Damianos and The Holy Council, Father Justin Sinaites Librarian, Early Manuscripts Electronic Library. Phelps Michael B. Project Director; Kasotakis Damianos. Imaging Director","Schneider | APO-DIGITAR 90/4.8 SES","11","The Holy Monastery of Saint Catherine Sinai | Kasotakis Vasilios | Galanis Lampros | Georgiades Christos","http://iiif.library.ucla.edu/ark%3A%2F21198%2Fz1h42vts/manifest"
"","","sinai","Sinai Syriac 43. Horologion : manuscript, 1243. St. Catherine's Monastery, Sinai, Egypt","","","paged","ark:/21198/z1bk2gmg","ark:/21198/z1cc241z","Work","","Horologion","","1243","","1243","","","","","","","","","","","","","","","Kamil","","","","","87 ff. ; 673.9 g","Codex","187 x 154 x 57 mm","Parchment","","","","","","","","","","","","text","Liturgical texts","syr","right-to-left","Syriac","Nestorian","","Images: Contact the Monastery of St. Catherine's of the Sinai. Metadata: Unless otherwise indicated all metadata associated with this manuscript is copyright the authors and released under Creative Commons Attribution 4.0 International License.","To inquire about image rights, contact St. Catherine's Monastery, https://www.sinaimonastery.com, sinaimonastery@gmail.com.","Saint Catherine (Monastery : Mount Sinai)","Sinai Syriac 43","","Sinai. Old Collection","","","https://www.loc.gov/item/0027938653A-ms/","","Statement of responsibility: Imaging performed under the auspices of His Eminence Archbishop Damianos and The Holy Council, Father Justin Sinaites Librarian, Early Manuscripts Electronic Library. Phelps Michael B. Project Director; Kasotakis Damianos. Imaging Director","Schneider | APO-DIGITAR 90/4.8 SES","11","The Holy Monastery of Saint Catherine Sinai | Kasotakis Vasilios | Galanis Lampros | Georgiades Christos","http://iiif.library.ucla.edu/ark%3A%2F21198%2Fz1cc241z/manifest"
"","","sinai","Sinai Syriac 105. Menologion (9 Ilūl - 12 Tishrīn II) : manuscript, [13th c.]. St. Catherine's Monastery, Sinai, Egypt","","","paged","ark:/21198/z1bk2gmg","ark:/21198/z17m1c7b","Work","","Menologion","","1201/1300","","13th c.","","","","","","","","","","","","","","","Kamil","","","","","191 ff. ; 862.4 g","Codex","191 x 148 x 78 mm","Paper","","","","","","","","","","","","text","Liturgical texts|~|Hagiographies","syr","right-to-left","Syriac","Nestorian","","Images: Contact the Monastery of St. Catherine's of the Sinai. Metadata: Unless otherwise indicated all metadata associated with this manuscript is copyright the authors and released under Creative Commons Attribution 4.0 International License.","To inquire about image rights, contact St. Catherine's Monastery, https://www.sinaimonastery.com, sinaimonastery@gmail.com.","Saint Catherine (Monastery : Mount Sinai)","Sinai Syriac 105","","Sinai. Old Collection","","","https://www.nli.org.il/en/manuscripts/NNL_ALEPH003891709/NLI","","Statement of responsibility: Imaging performed under the auspices of His Eminence Archbishop Damianos and The Holy Council, Father Justin Sinaites Librarian, Early Manuscripts Electronic Library. Phelps Michael B. Project Director; Kasotakis Damianos. Imaging Director","Schneider | APO-DIGITAR 120/5.6 SES","11","The Holy Monastery of Saint Catherine Sinai | Kasotakis Vasilios | Galanis Lampros | Georgiades Christos","http://iiif.library.ucla.edu/ark%3A%2F21198%2Fz17m1c7b/manifest"
"","","sinai","Sinai Syriac 240. Psalms : manuscript, 1331. St. Catherine's Monastery, Sinai, Egypt","","","paged","ark:/21198/z1bk2gmg","ark:/21198/z13v0mhm","Work","","Bible. Psalms","","1331","","1331","","","","","","","","","","","","","","","Kamil","","","","","161 ff. ; 891.2 g","Codex","201 x 148 x 72 mm","Paper","","","","","","","","","","","","text","Biblical texts","syr","right-to-left","Syriac","Nestorian","","Images: Contact the Monastery of St. Catherine's of the Sinai. Metadata: Unless otherwise indicated all metadata associated with this manuscript is copyright the authors and released under Creative Commons Attribution 4.0 International License.","To inquire about image rights, contact St. Catherine's Monastery, https://www.sinaimonastery.com, sinaimonastery@gmail.com.","Saint Catherine (Monastery : Mount Sinai)","Sinai Syriac 240","","Sinai. Old Collection","","","https://www.loc.gov/item/00279388781-ms/","","Statement of responsibility: Imaging performed under the auspices of His Eminence Archbishop Damianos and The Holy Council, Father Justin Sinaites Librarian, Early Manuscripts Electronic Library. Phelps Michael B. Project Director; Kasotakis Damianos. Imaging Director","Schneider | APO-DIGITAR 120/5.6 SES","11","The Holy Monastery of Saint Catherine Sinai | Kasotakis Vasilios | Galanis Lampros | Georgiades Christos","http://iiif.library.ucla.edu/ark%3A%2F21198%2Fz13v0mhm/manifest"
"","","sinai","Sinai Syriac 269. Lectionary of Gospels for the whole year : manuscript, [13th c.]. St. Catherine's Monastery, Sinai, Egypt","","","paged","ark:/21198/z1bk2gmg","ark:/21198/z1029vt3","Work","","Lectionary","","1201/1300","","13th c.","","","","","","","","","","","","","","","Kamil","","","","","166 ff. ; 2398.4 g","Codex","264 x 212 x 105 mm","Paper","","","","","","","","","","","","text","Lectionaries|~|Liturgical texts|~|Biblical texts|~|Gospel books","syr","right-to-left","Syriac","Nestorian","","Images: Contact the Monastery of St. Catherine's of the Sinai. Metadata: Unless otherwise indicated all metadata associated with this manuscript is copyright the authors and released under Creative Commons Attribution 4.0 International License.","To inquire about image rights, contact St. Catherine's Monastery, https://www.sinaimonastery.com, sinaimonastery@gmail.com.","Saint Catherine (Monastery : Mount Sinai)","Sinai Syriac 269","","Sinai. Old Collection","","","http://www.loc.gov/item/0027938460A-ms/","","Statement of responsibility: Imaging performed under the auspices of His Eminence Archbishop Damianos and The Holy Council, Father Justin Sinaites Librarian, Early Manuscripts Electronic Library. Phelps Michael B. Project Director; Kasotakis Damianos. Imaging Director","Schneider | APO-DIGITAR 90/4.8 SES","11","The Holy Monastery of Saint Catherine Sinai | Kasotakis Vasilios | Galanis Lampros | Georgiades Christos","http://iiif.library.ucla.edu/ark%3A%2F21198%2Fz1029vt3/manifest"
"","","sinai","Sinai Syriac 271. Lectionary of Gospels for the whole year : manuscript, 1288. St. Catherine's Monastery, Sinai, Egypt","","","paged","ark:/21198/z1bk2gmg","ark:/21198/z1v99cfj","Work","","Lectionary","","1288","","1288","","","","","","","","","","","","","","","Kamil","","","","","217 ff. ; 1398.8 g","Codex","231 x 156 x 78 mm","Paper","ff. 99 and 165 lacking","","","","","","","","","","","text","Lectionaries|~|Liturgical texts|~|Biblical texts|~|Gospel books","syr","right-to-left","Syriac","Nestorian","","Images: Contact the Monastery of St. Catherine's of the Sinai. Metadata: Unless otherwise indicated all metadata associated with this manuscript is copyright the authors and released under Creative Commons Attribution 4.0 International License.","To inquire about image rights, contact St. Catherine's Monastery, https://www.sinaimonastery.com, sinaimonastery@gmail.com.","Saint Catherine (Monastery : Mount Sinai)","Sinai Syriac 271","","Sinai. Old Collection","","","http://www.loc.gov/item/00279384672-ms/","","Statement of responsibility: Imaging performed under the auspices of His Eminence Archbishop Damianos and The Holy Council, Father Justin Sinaites Librarian, Early Manuscripts Electronic Library. Phelps Michael B. Project Director; Kasotakis Damianos. Imaging Director","Schneider | APO-DIGITAR 90/4.8 SES","11","The Holy Monastery of Saint Catherine Sinai | Kasotakis Vasilios | Galanis Lampros | Georgiades Christos","http://iiif.library.ucla.edu/ark%3A%2F21198%2Fz1v99cfj/manifest"
