"File Name","Item Sequence","Title","Descriptive title","Thumbnail URL","viewingHint","Parent ARK","Item ARK","Object Type","AltTitle.other","AltTitle.uniform","Place of origin","Date.normalized","Date binding","Date.creation","Scribe","Author","Associated name","Translator","Contents note","Colophon","Incipit","Explicit","References","Provenance","General note","Format.extent","Form","Format.dimensions","Support","Foliation","Page layout","Hand note","Illustrations note","Inscription","Additions","Binding note","Ink color","Features","Condition note","Type.typeOfResource","Type.genre","Language","Text direction","Writing system","Script","Script note","Rights.statementLocal","Rights contact","Name.repository","Shelfmark","Collection (physical)","Other version(s)","image count","IIIF Manifest URL","delivery"
"","","St. Catherine's Monastery, Sinai Arabic 1.","Books of Job, Daniel, Jeremiah and Ezekiel","","paged","ark:/21198/z1bk2gmg","ark:/21198/z18w4z1w","Work","","Bible. Job|~|Bible. Daniel|~|Bible. Jeremiah|~|Bible. Ezekiel","","801/900","","9th c.","","","","","","","","","Kamil","","","148 ff. ; 1004.6 g","codex","242 x 170 x 67 mm","Parchment","","","","","","","","","","","text","Biblical texts","ara","right-to-left","Arabic","Kufic","","Images: Contact the Monastery of St. Catherine's of the Sinai. Metadata: Unless otherwise indicated all metadata associated with this manuscript is copyright the authors and released under Creative Commons Attribution 4.0 International License.","To inquire about image rights, contact St. Catherine's Monastery, https://www.sinaimonastery.com, sinaimonastery@gmail.com.","Saint Catherine (Monastery : Mount Sinai)","Sinai Arabic 1","Sinai. Old Collection","https://www.loc.gov/item/00279385767-ms/","306","https://iiif.library.ucla.edu/ark%3A%2F21198%2Fz18w4z1w/manifest","delivery 5.1"
"","","St. Catherine's Monastery, Sinai Arabic 11.","Prophetologion and Varia","","paged","ark:/21198/z1bk2gmg","ark:/21198/z11g24xj","Work","","Prophetologion","","1116","","1116","","","","","Prophetologion. Lessons from Prophets recited during Lent, Holy Week and feast days for whole year preceded by verses from Psalms, ends with several treatises on the determination of Lent, the Oecumenical Councils, and a comparative study of the Calendars from Adam, Alexander, the Christian Era and the Moslem Hijra","","","","Kamil","","","176 ff. ; 478.3 g","codex","179 x 132 x 57 mm","Paper","","","","","","","","","Dated","","text","Liturgical texts|~|Lectionaries|~|Biblical texts","ara","right-to-left","Arabic","Naskh","","Images: Contact the Monastery of St. Catherine's of the Sinai. Metadata: Unless otherwise indicated all metadata associated with this manuscript is copyright the authors and released under Creative Commons Attribution 4.0 International License.","To inquire about image rights, contact St. Catherine's Monastery, https://www.sinaimonastery.com, sinaimonastery@gmail.com.","Saint Catherine (Monastery : Mount Sinai)","Sinai Arabic 11","Sinai. Old Collection","https://www.loc.gov/item/00279385809-ms/","362","https://iiif.library.ucla.edu/ark%3A%2F21198%2Fz11g24xj/manifest","delivery 5.1"
"","","St. Catherine's Monastery, Sinai Arabic 111.","Four Gospels","","paged","ark:/21198/z1bk2gmg","ark:/21198/z1qz3vn2","Work","","Bible. Gospels","","1201/1300","","13th c.","","","","","","","","","Kamil","","","325 ff. ; 1302.4 g","codex","190 x 147 x 104 mm","Paper","","","","","","","","","","","text","Biblical texts|~|Gospel books","ara","right-to-left","Arabic","Naskh","","Images: Contact the Monastery of St. Catherine's of the Sinai. Metadata: Unless otherwise indicated all metadata associated with this manuscript is copyright the authors and released under Creative Commons Attribution 4.0 International License.","To inquire about image rights, contact St. Catherine's Monastery, https://www.sinaimonastery.com, sinaimonastery@gmail.com.","Saint Catherine (Monastery : Mount Sinai)","Sinai Arabic 111","Sinai. Old Collection","https://www.nli.org.il/en/manuscripts/NNL_ALEPH003871373","662","https://iiif.library.ucla.edu/ark%3A%2F21198%2Fz1qz3vn2/manifest","delivery 5.1"
"","","St. Catherine's Monastery, Sinai Arabic 140.","Lectionary (Gospels)","","paged","ark:/21198/z1bk2gmg","ark:/21198/z1m6341s","Work","","Troparion|~|Kontakarion|~|Sticherarion|~|Evangelion","","1101/1200","","12th c.","","","","","Followed by a series of extracts from the Kontakion, Prokeimenon, Canons of Easter, Sticheraria, Troparia, Genesis and Odes. Manuscript contains palimpsested parchment with Syriac undertext (ff. 92-99)","","","","Kamil","","","101 ff. ; 493.2 g","codex","173 x 134 x 43 mm","Paper","","","","","","","","","","Detached folios (ff. 59, 60)","text","Liturgical texts|~|Lectionaries|~|Hymnals|~|Biblical texts|~|Gospel books","ara","right-to-left","Arabic","Naskh","","Images: Contact the Monastery of St. Catherine's of the Sinai. Metadata: Unless otherwise indicated all metadata associated with this manuscript is copyright the authors and released under Creative Commons Attribution 4.0 International License.","To inquire about image rights, contact St. Catherine's Monastery, https://www.sinaimonastery.com, sinaimonastery@gmail.com.","Saint Catherine (Monastery : Mount Sinai)","Sinai Arabic 140","Sinai. Old Collection","https://www.loc.gov/item/00279384313-ms/","212","https://iiif.library.ucla.edu/ark%3A%2F21198%2Fz1m6341s/manifest","delivery 5.1"
"","","St. Catherine's Monastery, Sinai Arabic 141.","Lectionary (Gospels), the Eleven Gospel chapters recited on Sundays","","paged","ark:/21198/z1bk2gmg","ark:/21198/z1gj12ng","Work","","Evangelion","","1201/1300","","13th c.","","","","","","","","","Kamil","","","125 ff. ; 735.7 g","codex","209 x 152 x 56 mm","Paper","","","","","","","","","","","text","Liturgical texts|~|Lectionaries|~|Biblical texts|~|Gospel books","ara|~|syc","right-to-left","Arabic","Naskh","","Images: Contact the Monastery of St. Catherine's of the Sinai. Metadata: Unless otherwise indicated all metadata associated with this manuscript is copyright the authors and released under Creative Commons Attribution 4.0 International License.","To inquire about image rights, contact St. Catherine's Monastery, https://www.sinaimonastery.com, sinaimonastery@gmail.com.","Saint Catherine (Monastery : Mount Sinai)","Sinai Arabic 141","Sinai. Old Collection","https://www.nli.org.il/en/manuscripts/NNL_ALEPH003871378","260","https://iiif.library.ucla.edu/ark%3A%2F21198%2Fz1gj12ng/manifest","delivery 5.1"
"","","St. Catherine's Monastery, Sinai Arabic 155.","Jesus Son of Sirach and Pauline Epistles","","paged","ark:/21198/z1bk2gmg","ark:/21198/z1bs09w9","Work","","Bible. Epistles of Paul","","801/1000","","9th c.","","","","","Book of Wisdom of Jesus, Son of Sirach, followed by St. Paul’s Epistles to the Romans, Corinthians I-II, Galatians and Ephesians divided according to Greek Calendar","","","","Kamil","","","94 ff. ; 377.6 g","codex","211 x 151 x 32 mm","Parchment","","","","","","","","","","","text","Biblical texts","ara","right-to-left","Arabic","Kufic","","Images: Contact the Monastery of St. Catherine's of the Sinai. Metadata: Unless otherwise indicated all metadata associated with this manuscript is copyright the authors and released under Creative Commons Attribution 4.0 International License.","To inquire about image rights, contact St. Catherine's Monastery, https://www.sinaimonastery.com, sinaimonastery@gmail.com.","Saint Catherine (Monastery : Mount Sinai)","Sinai Arabic 155","Sinai. Old Collection","https://www.loc.gov/item/00279384374-ms/","198","https://iiif.library.ucla.edu/ark%3A%2F21198%2Fz1bs09w9/manifest","delivery 5.1"
"","","St. Catherine's Monastery, Sinai Arabic 171.","Lectionary (Epistles), with commentary","","paged","ark:/21198/z1bk2gmg","ark:/21198/z1709k49","Work","","Lectionary","","1296","","1296","","","","","","","","","Kamil","","","372 ff. ; 1406.4 g","codex","194 x 153 x 104 mm","Paper","","","","","","","","","Dated","","text","Liturgical texts|~|Lectionaries|~|Biblical texts|~|Commentaries","ara","right-to-left","Arabic","Naskh","","Images: Contact the Monastery of St. Catherine's of the Sinai. Metadata: Unless otherwise indicated all metadata associated with this manuscript is copyright the authors and released under Creative Commons Attribution 4.0 International License.","To inquire about image rights, contact St. Catherine's Monastery, https://www.sinaimonastery.com, sinaimonastery@gmail.com.","Saint Catherine (Monastery : Mount Sinai)","Sinai Arabic 171","Sinai. Old Collection","https://www.loc.gov/item/00279384532-ms/","754","https://iiif.library.ucla.edu/ark%3A%2F21198%2Fz1709k49/manifest","delivery 5.1"
"","","St. Catherine's Monastery, Sinai Arabic 180.","Horologion","","paged","ark:/21198/z1bk2gmg","ark:/21198/z1378tc4","Work","","Horologion","","1242","","1242","","","","","","","","","Kamil","","","137 ff. ; 444.1 g","codex","176 x 150 x 42 mm","Paper","","","","","","","","","Dated","","text","Liturgical texts","ara","right-to-left","Arabic","Naskh","","Images: Contact the Monastery of St. Catherine's of the Sinai. Metadata: Unless otherwise indicated all metadata associated with this manuscript is copyright the authors and released under Creative Commons Attribution 4.0 International License.","To inquire about image rights, contact St. Catherine's Monastery, https://www.sinaimonastery.com, sinaimonastery@gmail.com.","Saint Catherine (Monastery : Mount Sinai)","Sinai Arabic 180","Sinai. Old Collection","https://www.nli.org.il/en/manuscripts/NNL_ALEPH003891638","282","https://iiif.library.ucla.edu/ark%3A%2F21198%2Fz1378tc4/manifest","delivery 5.1"
"","","St. Catherine's Monastery, Sinai Arabic 185.","Horologion","","paged","ark:/21198/z1bk2gmg","ark:/21198/z1zg89wt","Work","","Horologion","","1231","","1231","","","","","","","","","Kamil","","","185 ff. ; 815 g","codex","203 x 158 x 72 mm","Paper","Manuscripts contains parchment leaves (ff. 1, 2, 51, 52)","","","","","","","","Dated","","text","Liturgical texts","ara","right-to-left","Arabic","Naskh","","Images: Contact the Monastery of St. Catherine's of the Sinai. Metadata: Unless otherwise indicated all metadata associated with this manuscript is copyright the authors and released under Creative Commons Attribution 4.0 International License.","To inquire about image rights, contact St. Catherine's Monastery, https://www.sinaimonastery.com, sinaimonastery@gmail.com.","Saint Catherine (Monastery : Mount Sinai)","Sinai Arabic 185","Sinai. Old Collection","https://www.loc.gov/item/00279384489-ms/","380","https://iiif.library.ucla.edu/ark%3A%2F21198%2Fz1zg89wt/manifest","delivery 5.1"
"","","St. Catherine's Monastery, Sinai Arabic 2.","Pentateuch","","paged","ark:/21198/z1bk2gmg","ark:/21198/z1572wqs","Work","","Bible. Pentateuch","","901/1000","","10th c.","","","","","","","","","Kamil","","","266 ff. ; 1476.3 g","codex","270 x 173 x 77 mm","Paper","","","","","","","","","","","text","Biblical texts","ara","right-to-left","Arabic","","","Images: Contact the Monastery of St. Catherine's of the Sinai. Metadata: Unless otherwise indicated all metadata associated with this manuscript is copyright the authors and released under Creative Commons Attribution 4.0 International License.","To inquire about image rights, contact St. Catherine's Monastery, https://www.sinaimonastery.com, sinaimonastery@gmail.com.","Saint Catherine (Monastery : Mount Sinai)","Sinai Arabic 2","Sinai. Old Collection","https://www.loc.gov/item/00279385755-ms/","539","https://iiif.library.ucla.edu/ark%3A%2F21198%2Fz1572wqs/manifest","delivery 5.1"
"","","St. Catherine's Monastery, Sinai Arabic 211.","Horologion","","paged","ark:/21198/z1bk2gmg","ark:/21198/z1tq7k7d","Work","","Horologion","","1201/1300","","13th c.","","","","","","","","","Kamil","","","97 ff. ; 779.6 g","codex","216 x 159 x 68 mm","Paper","","","","Decoration on 38r, 65r, 84r","","","","","","","text","Liturgical texts","ara","right-to-left","Arabic","Naskh","","Images: Contact the Monastery of St. Catherine's of the Sinai. Metadata: Unless otherwise indicated all metadata associated with this manuscript is copyright the authors and released under Creative Commons Attribution 4.0 International License.","To inquire about image rights, contact St. Catherine's Monastery, https://www.sinaimonastery.com, sinaimonastery@gmail.com.","Saint Catherine (Monastery : Mount Sinai)","Sinai Arabic 211","Sinai. Old Collection","https://www.nli.org.il/en/manuscripts/NNL_ALEPH003891656","204","https://iiif.library.ucla.edu/ark%3A%2F21198%2Fz1tq7k7d/manifest","delivery 5.1"
"","","St. Catherine's Monastery, Sinai Arabic 213.","Horologion","","paged","ark:/21198/z1bk2gmg","ark:/21198/z1pz6tj4","Work","","Horologion","","1201/1300","","13th c.","","","","","","","","","Kamil","","","103 ff. ; 445.4 g","codex","190 x 139 x 45 mm","Paper","","","","","","","","","","","text","Liturgical texts","ara","right-to-left","Arabic","Naskh","","Images: Contact the Monastery of St. Catherine's of the Sinai. Metadata: Unless otherwise indicated all metadata associated with this manuscript is copyright the authors and released under Creative Commons Attribution 4.0 International License.","To inquire about image rights, contact St. Catherine's Monastery, https://www.sinaimonastery.com, sinaimonastery@gmail.com.","Saint Catherine (Monastery : Mount Sinai)","Sinai Arabic 213","Sinai. Old Collection","https://www.nli.org.il/en/manuscripts/NNL_ALEPH003891658","218","https://iiif.library.ucla.edu/ark%3A%2F21198%2Fz1pz6tj4/manifest","delivery 5.1"
"","","St. Catherine's Monastery, Sinai Arabic 218.","Horologion","","paged","ark:/21198/z1bk2gmg","ark:/21198/z1k94s60","Work","","Horologion","","1201/1300","","13th c.","","","","","","","","","Kamil","","","53 ff. ; 558 g","codex","186 x 153 x 48 mm","Paper","","","","","","","","","","","text","Liturgical texts","ara","right-to-left","Arabic","Naskh","","Images: Contact the Monastery of St. Catherine's of the Sinai. Metadata: Unless otherwise indicated all metadata associated with this manuscript is copyright the authors and released under Creative Commons Attribution 4.0 International License.","To inquire about image rights, contact St. Catherine's Monastery, https://www.sinaimonastery.com, sinaimonastery@gmail.com.","Saint Catherine (Monastery : Mount Sinai)","Sinai Arabic 218","Sinai. Old Collection","https://www.nli.org.il/en/manuscripts/NNL_ALEPH003891663","116","https://iiif.library.ucla.edu/ark%3A%2F21198%2Fz1k94s60/manifest","delivery 5.1"
"","","St. Catherine's Monastery, Sinai Arabic 219.","Horologion","","paged","ark:/21198/z1bk2gmg","ark:/21198/z1fj41h3","Work","","Horologion","","1201/1300","","13th c.","","","","","","","","","Kamil","","","132 ff. ; 584.6 g","codex","183 x 142 x 50 mm","Paper","","","","","","","","","","","text","Liturgical texts","ara","right-to-left","Arabic","Naskh","","Images: Contact the Monastery of St. Catherine's of the Sinai. Metadata: Unless otherwise indicated all metadata associated with this manuscript is copyright the authors and released under Creative Commons Attribution 4.0 International License.","To inquire about image rights, contact St. Catherine's Monastery, https://www.sinaimonastery.com, sinaimonastery@gmail.com.","Saint Catherine (Monastery : Mount Sinai)","Sinai Arabic 219","Sinai. Old Collection","https://www.nli.org.il/en/manuscripts/NNL_ALEPH003891664","274","https://iiif.library.ucla.edu/ark%3A%2F21198%2Fz1fj41h3/manifest","delivery 5.1"
"","","St. Catherine's Monastery, Sinai Arabic 235.","Prayers and Mimars","","paged","ark:/21198/z1bk2gmg","ark:/21198/z19s38qg","Work","","","","1581","","1581","","","","","","","","","Kamil","","","211 ff. ; 560.4 g","codex","176 x 123 x 63 mm","Paper","","","","","","","","","Dated","","text","Liturgical texts","ara","right-to-left","Arabic","Naskh","","Images: Contact the Monastery of St. Catherine's of the Sinai. Metadata: Unless otherwise indicated all metadata associated with this manuscript is copyright the authors and released under Creative Commons Attribution 4.0 International License.","To inquire about image rights, contact St. Catherine's Monastery, https://www.sinaimonastery.com, sinaimonastery@gmail.com.","Saint Catherine (Monastery : Mount Sinai)","Sinai Arabic 235","Sinai. Old Collection","https://www.nli.org.il/en/manuscripts/NNL_ALEPH003871399","434","https://iiif.library.ucla.edu/ark%3A%2F21198%2Fz19s38qg/manifest","delivery 5.1"
"","","St. Catherine's Monastery, Sinai Arabic 241.","Canons and Theotokia","","paged","ark:/21198/z1bk2gmg","ark:/21198/z1612hzm","Work","","","","1201/1300","","13th c.","","","","","","","","","Kamil","","","136 ff. ; 646.2 g","codex","179 x 139 x 55 mm","Paper","","","","","","","","","","","text","Liturgical texts","ara","right-to-left","Arabic","Naskh","","Images: Contact the Monastery of St. Catherine's of the Sinai. Metadata: Unless otherwise indicated all metadata associated with this manuscript is copyright the authors and released under Creative Commons Attribution 4.0 International License.","To inquire about image rights, contact St. Catherine's Monastery, https://www.sinaimonastery.com, sinaimonastery@gmail.com.","Saint Catherine (Monastery : Mount Sinai)","Sinai Arabic 241","Sinai. Old Collection","https://www.nli.org.il/en/manuscripts/NNL_ALEPH003871404","282","https://iiif.library.ucla.edu/ark%3A%2F21198%2Fz1612hzm/manifest","delivery 5.1"
"","","St. Catherine's Monastery, Sinai Arabic 243.","Troparia and Sticheraria","","paged","ark:/21198/z1bk2gmg","ark:/21198/z1281s79","Work","","Sticherarion|~|Troparion","","1201/1300","","13th c.","","","","","","","","","Kamil","","","229 ff. ; 771.2 g","codex","174 x 137 x 73 mm","Paper","","","","","","","","","","","text","Liturgical texts|~|Hymnals","ara","right-to-left","Arabic","Naskh","","Images: Contact the Monastery of St. Catherine's of the Sinai. Metadata: Unless otherwise indicated all metadata associated with this manuscript is copyright the authors and released under Creative Commons Attribution 4.0 International License.","To inquire about image rights, contact St. Catherine's Monastery, https://www.sinaimonastery.com, sinaimonastery@gmail.com.","Saint Catherine (Monastery : Mount Sinai)","Sinai Arabic 243","Sinai. Old Collection","https://www.nli.org.il/en/manuscripts/NNL_ALEPH003871406","470","https://iiif.library.ucla.edu/ark%3A%2F21198%2Fz1281s79/manifest","delivery 5.1"
"","","St. Catherine's Monastery, Sinai Arabic 244.","Lectionary (Epistles), Troparia, Canons, Sticheraria, Kathismata, Office of Genuflection and Prayers","","paged","ark:/21198/z1bk2gmg","ark:/21198/z1xh18tw","Work","","Lectionary|~|Sticherarion|~|Troparion|~|Psalter|~|Bible. Psalms","","1288","","1288","","","","","","","","","Kamil","","","344 ff. ; 1239.4 g","codex","200 x 152 x 105 mm","Paper","","","","","","","","","Dated","","text","Liturgical texts|~|Lectionaries|~|Hymnals|~|Biblical texts","ara","right-to-left","Arabic","Naskh","","Images: Contact the Monastery of St. Catherine's of the Sinai. Metadata: Unless otherwise indicated all metadata associated with this manuscript is copyright the authors and released under Creative Commons Attribution 4.0 International License.","To inquire about image rights, contact St. Catherine's Monastery, https://www.sinaimonastery.com, sinaimonastery@gmail.com.","Saint Catherine (Monastery : Mount Sinai)","Sinai Arabic 244","Sinai. Old Collection","https://www.loc.gov/item/00279384593-ms/","699","https://iiif.library.ucla.edu/ark%3A%2F21198%2Fz1xh18tw/manifest","delivery 5.1"
"","","St. Catherine's Monastery, Sinai Arabic 26.","Psalter and Odes","","paged","ark:/21198/z1bk2gmg","ark:/21198/z1wq1ndt","Work","","Bible. Psalms|~|Bible. Odes|~|Psalter","","1301/1400","","14th c.","","","","","","","","","Kamil","","","132 ff. ; 610.1 g","codex","197 x 154 x 59 mm","Paper","","","","","","","","","","Half-torn folios (ff. 129, 130, 131)","text","Biblical texts|~|Liturgical texts","ara","right-to-left","Arabic","Naskh","","Images: Contact the Monastery of St. Catherine's of the Sinai. Metadata: Unless otherwise indicated all metadata associated with this manuscript is copyright the authors and released under Creative Commons Attribution 4.0 International License.","To inquire about image rights, contact St. Catherine's Monastery, https://www.sinaimonastery.com, sinaimonastery@gmail.com.","Saint Catherine (Monastery : Mount Sinai)","Sinai Arabic 26","Sinai. Old Collection","https://www.nli.org.il/en/manuscripts/NNL_ALEPH003891579","274","https://iiif.library.ucla.edu/ark%3A%2F21198%2Fz1wq1ndt/manifest","delivery 5.1"
"","","St. Catherine's Monastery, Sinai Arabic 262.","Prayers for the Monks and ill people, Arabic and Syriac","","paged","ark:/21198/z1bk2gmg","ark:/21198/z1sr0j41","Work","","","","1201/1300","","13th c.","","","","","","","","","Kamil","","","207 ff. ; 859.1 g","codex","187 x 144 x 79 mm","Paper","","","","","","","","","","","text","Liturgical texts","ara|~|syc","right-to-left","Arabic","Naskh","","Images: Contact the Monastery of St. Catherine's of the Sinai. Metadata: Unless otherwise indicated all metadata associated with this manuscript is copyright the authors and released under Creative Commons Attribution 4.0 International License.","To inquire about image rights, contact St. Catherine's Monastery, https://www.sinaimonastery.com, sinaimonastery@gmail.com.","Saint Catherine (Monastery : Mount Sinai)","Sinai Arabic 262","Sinai. Old Collection","https://www.nli.org.il/en/manuscripts/NNL_ALEPH003891672","428","https://iiif.library.ucla.edu/ark%3A%2F21198%2Fz1sr0j41/manifest","delivery 5.1"
"","","St. Catherine's Monastery, Sinai Arabic 266.","Typikon and Lectionary (Gospels and Epistles)","","paged","ark:/21198/z1bk2gmg","ark:/21198/z1p28gvt","Work","","Typikon|~|Lectionary","","1322","","1322","","","","","","","","","Kamil","","","134 ff. ; 759.7 g","codex","205 x 154 x 48 mm","Paper","","","","","","","","","Dated","","text","Liturgical texts|~|Lectionaries|~|Biblical texts|~|Gospel books","ara|~|grc","right-to-left","Arabic","Naskh|~|Greek minuscule","","Images: Contact the Monastery of St. Catherine's of the Sinai. Metadata: Unless otherwise indicated all metadata associated with this manuscript is copyright the authors and released under Creative Commons Attribution 4.0 International License.","To inquire about image rights, contact St. Catherine's Monastery, https://www.sinaimonastery.com, sinaimonastery@gmail.com.","Saint Catherine (Monastery : Mount Sinai)","Sinai Arabic 266","Sinai. Old Collection","https://www.nli.org.il/en/manuscripts/NNL_ALEPH003871417","278","https://iiif.library.ucla.edu/ark%3A%2F21198%2Fz1p28gvt/manifest","delivery 5.1"
"","","St. Catherine's Monastery, Sinai Arabic 279.","Commentary on the Song of Songs by St. Gregory of Nyssa","","paged","ark:/21198/z1bk2gmg","ark:/21198/z1j97r4h","Work","","","","1101/1200","","12th c.","","Gregory, of Nyssa, Saint, approximately 335-approximately 394","","","","","","","Kamil","","","112 ff. ; 419.3 g","codex","197 x 149 x 39 mm","Paper","","","","","","","","","","","text","Theological works|~|Commentaries","ara","right-to-left","Arabic","Naskh","","Images: Contact the Monastery of St. Catherine's of the Sinai. Metadata: Unless otherwise indicated all metadata associated with this manuscript is copyright the authors and released under Creative Commons Attribution 4.0 International License.","To inquire about image rights, contact St. Catherine's Monastery, https://www.sinaimonastery.com, sinaimonastery@gmail.com.","Saint Catherine (Monastery : Mount Sinai)","Sinai Arabic 279","Sinai. Old Collection","https://www.nli.org.il/en/manuscripts/NNL_ALEPH003870998","231","https://iiif.library.ucla.edu/ark%3A%2F21198%2Fz1j97r4h/manifest","delivery 5.1"
"","","St. Catherine's Monastery, Sinai Arabic 284.","Commentary on the Gospel of St. Matthew by St. John Chrysostom","","paged","ark:/21198/z1bk2gmg","ark:/21198/z1dj70b8","Work","","John Chrysostom, Saint, -407. Homilies on the Gospel of Saint Matthew","","1001/1200","","11th c.","","John Chrysostom, Saint, -407","","","","","","","Kamil","","","281 ff. ; 822.2 g","codex","183 x 150 x 66 mm","Paper","","","","","","","","","","","text","Theological works|~|Commentaries","ara","right-to-left","Arabic","Naskh","","Images: Contact the Monastery of St. Catherine's of the Sinai. Metadata: Unless otherwise indicated all metadata associated with this manuscript is copyright the authors and released under Creative Commons Attribution 4.0 International License.","To inquire about image rights, contact St. Catherine's Monastery, https://www.sinaimonastery.com, sinaimonastery@gmail.com.","Saint Catherine (Monastery : Mount Sinai)","Sinai Arabic 284","Sinai. Old Collection","https://www.nli.org.il/en/manuscripts/NNL_ALEPH003871001","572","https://iiif.library.ucla.edu/ark%3A%2F21198%2Fz1dj70b8/manifest","delivery 5.1"
"","","St. Catherine's Monastery, Sinai Arabic 320.","Life of Barlaam and Josaphat","","paged","ark:/21198/z1bk2gmg","ark:/21198/z18s67k3","Work","","","","1236","","1236","","","","","Includes debate between the Master and the Pupil on the Trinity and the Unity of God","","","","Kamil","","","217 ff. ; 794.6 g","codex","193 x 141 x 68 mm","Paper","","","","","","","","","Dated","","text","Historical works|~|Hagiographies","ara","right-to-left","Arabic","Naskh","","Images: Contact the Monastery of St. Catherine's of the Sinai. Metadata: Unless otherwise indicated all metadata associated with this manuscript is copyright the authors and released under Creative Commons Attribution 4.0 International License.","To inquire about image rights, contact St. Catherine's Monastery, https://www.sinaimonastery.com, sinaimonastery@gmail.com.","Saint Catherine (Monastery : Mount Sinai)","Sinai Arabic 320","Sinai. Old Collection","https://www.loc.gov/item/00279384088-ms/","444","https://iiif.library.ucla.edu/ark%3A%2F21198%2Fz18s67k3/manifest","delivery 5.1"
"","","St. Catherine's Monastery, Sinai Arabic 322.","Life of Barlaam and Josaphat","","paged","ark:/21198/z1bk2gmg","ark:/21198/z1515gw4","Work","","","","1402","","1402","","","","","Includes a series of poems in praise of Our Lord and other religious items in different hands","","","","Kamil","","","227 ff. ; 984.4 g","codex","204 x 152 x 70 mm","Paper","","","","","","","","","Dated","","text","Historical works|~|Hagiographies","ara","right-to-left","Arabic","Naskh","","Images: Contact the Monastery of St. Catherine's of the Sinai. Metadata: Unless otherwise indicated all metadata associated with this manuscript is copyright the authors and released under Creative Commons Attribution 4.0 International License.","To inquire about image rights, contact St. Catherine's Monastery, https://www.sinaimonastery.com, sinaimonastery@gmail.com.","Saint Catherine (Monastery : Mount Sinai)","Sinai Arabic 322","Sinai. Old Collection","https://www.loc.gov/item/00279385317-ms/","466","https://iiif.library.ucla.edu/ark%3A%2F21198%2Fz1515gw4/manifest","delivery 5.1"
"","","St. Catherine's Monastery, Sinai Arabic 323.","Life of Barlaam and Josaphat","","paged","ark:/21198/z1bk2gmg","ark:/21198/z1184r68","Work","","","","1201/1300","","13th c.","","","","","","","","","Kamil","","","314 ff. ; 1166.2 g","codex","188 x 141 x 85 mm","Paper","","","","","","","","","","Some split pages","text","Historical works|~|Hagiographies","ara","right-to-left","Arabic","Naskh","","Images: Contact the Monastery of St. Catherine's of the Sinai. Metadata: Unless otherwise indicated all metadata associated with this manuscript is copyright the authors and released under Creative Commons Attribution 4.0 International License.","To inquire about image rights, contact St. Catherine's Monastery, https://www.sinaimonastery.com, sinaimonastery@gmail.com.","Saint Catherine (Monastery : Mount Sinai)","Sinai Arabic 323","Sinai. Old Collection","https://www.nli.org.il/en/manuscripts/NNL_ALEPH003871419","638","https://iiif.library.ucla.edu/ark%3A%2F21198%2Fz1184r68/manifest","delivery 5.1"
"","","St. Catherine's Monastery, Sinai Arabic 34.","Psalter","","paged","ark:/21198/z1bk2gmg","ark:/21198/z1rz0wp3","Work","","Bible. Psalms|~|Psalter","","1282","","1282","","Anṭākī, ʻAbd Allāh ibn al-Faḍl, -approximately 1052","","","Psalms translated into Arabic with rubricated commentary by Bishop ‘Abdallah ibn al-Fadl of Antioch","","","","Kamil","","","193 ff. ; 678.7 g","codex","201 x 141 x 52 mm","Paper","","","","","","","","","Dated","","text","Biblical texts|~|Liturgical texts","ara","right-to-left","Arabic","Naskh","","Images: Contact the Monastery of St. Catherine's of the Sinai. Metadata: Unless otherwise indicated all metadata associated with this manuscript is copyright the authors and released under Creative Commons Attribution 4.0 International License.","To inquire about image rights, contact St. Catherine's Monastery, https://www.sinaimonastery.com, sinaimonastery@gmail.com.","Saint Catherine (Monastery : Mount Sinai)","Sinai Arabic 34","Sinai. Old Collection","https://www.loc.gov/item/00279385913-ms/","394","https://iiif.library.ucla.edu/ark%3A%2F21198%2Fz1rz0wp3/manifest","delivery 5.1"
"","","St. Catherine's Monastery, Sinai Arabic 362.","Sayings of St. Dorotheus. Mimars of different saints","","paged","ark:/21198/z1bk2gmg","ark:/21198/z1wh47rd","Work","","","","1236","","1236","","","","","","","","","Kamil","","","299 ff. ; 959.4 g","codex","178 x 139 x 93 mm","Paper","","","","","","","","","Dated","","text","Theological works|~|Apophthegmata","ara","right-to-left","Arabic","Naskh","","Images: Contact the Monastery of St. Catherine's of the Sinai. Metadata: Unless otherwise indicated all metadata associated with this manuscript is copyright the authors and released under Creative Commons Attribution 4.0 International License.","To inquire about image rights, contact St. Catherine's Monastery, https://www.sinaimonastery.com, sinaimonastery@gmail.com.","Saint Catherine (Monastery : Mount Sinai)","Sinai Arabic 362","Sinai. Old Collection","https://www.nli.org.il/en/manuscripts/NNL_ALEPH003891000","608","https://iiif.library.ucla.edu/ark%3A%2F21198%2Fz1wh47rd/manifest","delivery 5.1"
"","","St. Catherine's Monastery, Sinai Arabic 363.","Sayings of St. Dorotheus. Different Mimars","","paged","ark:/21198/z1bk2gmg","ark:/21198/z1rv26fd","Work","","","","1262","","1262","","","","","","","","","Kamil","","","250 ff. ; 970.5 g","codex","181 x 145 x 76 mm","Paper","Foliation repeats (ff. 60-69)","",""," Illustration on f.1","","","","","Dated","","text","Theological works|~|Apophthegmata","ara","right-to-left","Arabic","Naskh","","Images: Contact the Monastery of St. Catherine's of the Sinai. Metadata: Unless otherwise indicated all metadata associated with this manuscript is copyright the authors and released under Creative Commons Attribution 4.0 International License.","To inquire about image rights, contact St. Catherine's Monastery, https://www.sinaimonastery.com, sinaimonastery@gmail.com.","Saint Catherine (Monastery : Mount Sinai)","Sinai Arabic 363","Sinai. Old Collection","https://www.nli.org.il/en/manuscripts/NNL_ALEPH003891001","510","https://iiif.library.ucla.edu/ark%3A%2F21198%2Fz1rv26fd/manifest","delivery 5.1"
"","","St. Catherine's Monastery, Sinai Arabic 366.","Sayings of St. Dorotheus. Different Mimars","","paged","ark:/21198/z1bk2gmg","ark:/21198/z1n31fpj","Work","","","","1201/1300","","13th c.","","","","","","","","","Kamil","","","266 ff. ; 793.6 g","codex","179 x 137 x 68 mm","Paper","","","","","","","","","","","text","Theological works|~|Apophthegmata","ara","right-to-left","Arabic","Naskh","","Images: Contact the Monastery of St. Catherine's of the Sinai. Metadata: Unless otherwise indicated all metadata associated with this manuscript is copyright the authors and released under Creative Commons Attribution 4.0 International License.","To inquire about image rights, contact St. Catherine's Monastery, https://www.sinaimonastery.com, sinaimonastery@gmail.com.","Saint Catherine (Monastery : Mount Sinai)","Sinai Arabic 366","Sinai. Old Collection","https://www.nli.org.il/en/manuscripts/NNL_ALEPH003871025","538","https://iiif.library.ucla.edu/ark%3A%2F21198%2Fz1n31fpj/manifest","delivery 5.1"
"","","St. Catherine's Monastery, Sinai Arabic 375.","St. Antiochus: Pandectes","","paged","ark:/21198/z1bk2gmg","ark:/21198/z1hb0pwx","Work","","Antiochus, monk of Palestine, active 7th century. Pandektēs","","1101/1300","","12th c.","","Antiochus, monk of Palestine, active 7th century","","","","","","","Kamil","","","224 ff. ; 6742 g","codex","182 x 146 x 60 mm","Paper","","","","","","","","","","","text","Theological works|~|Apophthegmata","ara","right-to-left","Arabic","Naskh","","Images: Contact the Monastery of St. Catherine's of the Sinai. Metadata: Unless otherwise indicated all metadata associated with this manuscript is copyright the authors and released under Creative Commons Attribution 4.0 International License.","To inquire about image rights, contact St. Catherine's Monastery, https://www.sinaimonastery.com, sinaimonastery@gmail.com.","Saint Catherine (Monastery : Mount Sinai)","Sinai Arabic 375","Sinai. Old Collection","https://www.nli.org.il/en/manuscripts/NNL_ALEPH003890977","456","https://iiif.library.ucla.edu/ark%3A%2F21198%2Fz1hb0pwx/manifest","delivery 5.1"
"","","St. Catherine's Monastery, Sinai Arabic 381.","St. Antiochus: Pandectes","","paged","ark:/21198/z1bk2gmg","ark:/21198/z1cj9z4m","Work","","Antiochus, monk of Palestine, active 7th century. Pandektēs","","1201/1300","","13th c.","","Antiochus, monk of Palestine, active 7th century","","","","","","","Kamil","","","266 ff. ; 1092.2 g","codex","209 x 154 x 85 mm","Paper","","","","","","","","","","Folios stuck together (ff. 258-259, 261-262), ff. 258v, 259r could not be imaged","text","Theological works|~|Apophthegmata","ara","right-to-left","Arabic","Naskh","","Images: Contact the Monastery of St. Catherine's of the Sinai. Metadata: Unless otherwise indicated all metadata associated with this manuscript is copyright the authors and released under Creative Commons Attribution 4.0 International License.","To inquire about image rights, contact St. Catherine's Monastery, https://www.sinaimonastery.com, sinaimonastery@gmail.com.","Saint Catherine (Monastery : Mount Sinai)","Sinai Arabic 381","Sinai. Old Collection","https://www.nli.org.il/en/manuscripts/NNL_ALEPH003871030","539","https://iiif.library.ucla.edu/ark%3A%2F21198%2Fz1cj9z4m/manifest","delivery 5.1"
"","","St. Catherine's Monastery, Sinai Arabic 384.","Hundred Problems of St. Barsanuphius ; The Life of St. Bios of Scetis","","paged","ark:/21198/z1bk2gmg","ark:/21198/z17s96d8","Work","","","","1221","","1221","","","Barsanuphius, Saint, active 6th century","","","","","","Kamil","","","210 ff. ; 773.6 g","codex","177 x 144 x 63 mm","Paper","","","","","","","","","Dated","","text","Theological works|~|Apophthegmata","ara","right-to-left","Arabic","Naskh","","Images: Contact the Monastery of St. Catherine's of the Sinai. Metadata: Unless otherwise indicated all metadata associated with this manuscript is copyright the authors and released under Creative Commons Attribution 4.0 International License.","To inquire about image rights, contact St. Catherine's Monastery, https://www.sinaimonastery.com, sinaimonastery@gmail.com.","Saint Catherine (Monastery : Mount Sinai)","Sinai Arabic 384","Sinai. Old Collection","https://www.nli.org.il/en/manuscripts/NNL_ALEPH003674199","430","https://iiif.library.ucla.edu/ark%3A%2F21198%2Fz17s96d8/manifest","delivery 5.1"
"","","St. Catherine's Monastery, Sinai Arabic 410A.","Synaxarium. Second part of Synaxarium from the month of Nisan (April) to Ab (August)","","paged","ark:/21198/z1bk2gmg","ark:/21198/z1418frr","Work","","Synaxarion","","1103","","1103","","","","","","","","","Kamil","","","143 ff. ; 347.9 g","codex","174 x 133 x 41 mm","Paper","","","","","","","","","Dated","","text","Liturgical texts|~|Hagiographies","ara","right-to-left","Arabic","Naskh","","Images: Contact the Monastery of St. Catherine's of the Sinai. Metadata: Unless otherwise indicated all metadata associated with this manuscript is copyright the authors and released under Creative Commons Attribution 4.0 International License.","To inquire about image rights, contact St. Catherine's Monastery, https://www.sinaimonastery.com, sinaimonastery@gmail.com.","Saint Catherine (Monastery : Mount Sinai)","Sinai Arabic 410A","Sinai. Old Collection","https://www.loc.gov/item/0027938846A-ms/","292","https://iiif.library.ucla.edu/ark%3A%2F21198%2Fz1418frr/manifest","delivery 5.1"
"","","St. Catherine's Monastery, Sinai Arabic 410B.","Synaxarium. First part of Synaxarium from months of Ilul (September) to Shbat (February)","","paged","ark:/21198/z1bk2gmg","ark:/21198/z1087q1f","Work","","Synaxarion","","1103","","1103","","","","","","","","","Kamil","","","164 ff. ; 483.7 g","codex","179 x 133 x 57 mm","Paper","","","","","","","","","Dated","","text","Liturgical texts|~|Hagiographies","ara","right-to-left","Arabic","Naskh","","Images: Contact the Monastery of St. Catherine's of the Sinai. Metadata: Unless otherwise indicated all metadata associated with this manuscript is copyright the authors and released under Creative Commons Attribution 4.0 International License.","To inquire about image rights, contact St. Catherine's Monastery, https://www.sinaimonastery.com, sinaimonastery@gmail.com.","Saint Catherine (Monastery : Mount Sinai)","Sinai Arabic 410B","Sinai. Old Collection","https://www.loc.gov/item/00279388458-ms/","340","https://iiif.library.ucla.edu/ark%3A%2F21198%2Fz1087q1f/manifest","delivery 5.1"
"","","St. Catherine's Monastery, Sinai Arabic 424.","Hymns for the Feasts","","paged","ark:/21198/z1bk2gmg","ark:/21198/z1vm5wz2","Work","","","","1201/1300","","13th c.","","","","","Includes list with the Feasts of the whole year","","","","Kamil","","","96 ff. ; 306.9 g","codex","174 x 133 x 33 mm","Paper","","","","","","","","","","","text","Liturgical texts|~|Hymnals","ara","right-to-left","Arabic","","","Images: Contact the Monastery of St. Catherine's of the Sinai. Metadata: Unless otherwise indicated all metadata associated with this manuscript is copyright the authors and released under Creative Commons Attribution 4.0 International License.","To inquire about image rights, contact St. Catherine's Monastery, https://www.sinaimonastery.com, sinaimonastery@gmail.com.","Saint Catherine (Monastery : Mount Sinai)","Sinai Arabic 424","Sinai. Old Collection","https://www.nli.org.il/en/manuscripts/NNL_ALEPH003871425","200","https://iiif.library.ucla.edu/ark%3A%2F21198%2Fz1vm5wz2/manifest","delivery 5.1"
"","","St. Catherine's Monastery, Sinai Arabic 442.","Paradise of the Fathers","","paged","ark:/21198/z1bk2gmg","ark:/21198/z1qv5574","Work","","","","1201/1300","","13th c.","","","","","Preceded by Kontakion of Our Lady, Life of the Apostle Thomas and a prayer for the dead in different hands","","","","Kamil","","","317 ff. ; 1202.6 g","codex","189 x 145 x 92 mm","Paper","","","","","","","","","","","text","Historical works|~|Hagiographies","ara","right-to-left","Arabic","Naskh","","Images: Contact the Monastery of St. Catherine's of the Sinai. Metadata: Unless otherwise indicated all metadata associated with this manuscript is copyright the authors and released under Creative Commons Attribution 4.0 International License.","To inquire about image rights, contact St. Catherine's Monastery, https://www.sinaimonastery.com, sinaimonastery@gmail.com.","Saint Catherine (Monastery : Mount Sinai)","Sinai Arabic 442","Sinai. Old Collection","https://www.loc.gov/item/00279391044-ms/","644","https://iiif.library.ucla.edu/ark%3A%2F21198%2Fz1qv5574/manifest","delivery 5.1"
"","","St. Catherine's Monastery, Sinai Arabic 45.","Psalter","","paged","ark:/21198/z1bk2gmg","ark:/21198/z1n6051c","Work","","Bible. Psalms|~|Psalter","","1381","","1381","","","","","Psalms (151) with Kathismata inserted in text","","","","Kamil","","","119 ff. ; 539.1 g","codex","184 x 140 x 55 mm","Paper","","","Latin letters on front board inside","","","","","","Dated","","text","Biblical texts|~|Liturgical texts","ara","right-to-left","Arabic","Naskh","","Images: Contact the Monastery of St. Catherine's of the Sinai. Metadata: Unless otherwise indicated all metadata associated with this manuscript is copyright the authors and released under Creative Commons Attribution 4.0 International License.","To inquire about image rights, contact St. Catherine's Monastery, https://www.sinaimonastery.com, sinaimonastery@gmail.com.","Saint Catherine (Monastery : Mount Sinai)","Sinai Arabic 45","Sinai. Old Collection","https://www.loc.gov/item/00279385937-ms/","249","https://iiif.library.ucla.edu/ark%3A%2F21198%2Fz1n6051c/manifest","delivery 5.1"
"","","St. Catherine's Monastery, Sinai Arabic 453.","Varia","","paged","ark:/21198/z1bk2gmg","ark:/21198/z1m34ddc","Work","","","","1101/1200","","12th c.","","Basil, Saint, Bishop of Caesarea, approximately 329-379|~|John Chrysostom, Saint, -407|~|Gregory, of Nazianzus, Saint|~|Epiphanius, Saint, Bishop of Constantia in Cyprus, approximately 310-403","","","The Orthodox Faith according to the Apostles and Oecumenical Councils ; Selection from the works of St. Gregory the Theologian, St. Basil the Great and St. John Chrysostom ; Doctrinal teachings of some Fathers of the Church ; Book of 400 chapters by St. Thalassius ; Treatise on Prophets of the Old Testament ; Treatise on animals and their instincts by St. Epiphanius Archbishop of Cyprus","","","","Kamil","","","133 ff. ; 470.2 g","codex","173 x 173 x 50 mm","Paper","","","","","","","","","","","text","Theological works|~|Apophthegmata","ara","right-to-left","Arabic","Naskh","","Images: Contact the Monastery of St. Catherine's of the Sinai. Metadata: Unless otherwise indicated all metadata associated with this manuscript is copyright the authors and released under Creative Commons Attribution 4.0 International License.","To inquire about image rights, contact St. Catherine's Monastery, https://www.sinaimonastery.com, sinaimonastery@gmail.com.","Saint Catherine (Monastery : Mount Sinai)","Sinai Arabic 453","Sinai. Old Collection","https://www.loc.gov/item/00279391081-ms/","281","https://iiif.library.ucla.edu/ark%3A%2F21198%2Fz1m34ddc/manifest","delivery 5.1"
"","","St. Catherine's Monastery, Sinai Arabic 488.","Life of St. Onuphrius. Lives of the forty martyrs of Sebastia","","paged","ark:/21198/z1bk2gmg","ark:/21198/z1gb3npn","Work","","","","1201/1300","","13th c.","","","","","","","","","Kamil","","","54 ff. ; 253.9 g","codex","189 x 132 x 26 mm","Paper","","","","","","","","","","","text","Historical works|~|Hagiographies","ara","right-to-left","Arabic","Naskh","","Images: Contact the Monastery of St. Catherine's of the Sinai. Metadata: Unless otherwise indicated all metadata associated with this manuscript is copyright the authors and released under Creative Commons Attribution 4.0 International License.","To inquire about image rights, contact St. Catherine's Monastery, https://www.sinaimonastery.com, sinaimonastery@gmail.com.","Saint Catherine (Monastery : Mount Sinai)","Sinai Arabic 488","Sinai. Old Collection","https://www.nli.org.il/en/manuscripts/NNL_ALEPH003891677","118","https://iiif.library.ucla.edu/ark%3A%2F21198%2Fz1gb3npn/manifest","delivery 5.1"
"","","St. Catherine's Monastery, Sinai Arabic 497.","Mimar ; Apophthegmata","","paged","ark:/21198/z1bk2gmg","ark:/21198/z1bk2x0s","Work","","","","1001/1100","","11th c.","","","John Chrysostom, Saint, -407","","Two accounts of the Dormition of Our Lady ; Mimar by St. Jacob on Aaron’s death ; Apophthegmata derived from the sayings of SS. Isaiah, Ammon and John Chrysostom","","","","Kamil","","","185 ff. ; 819.7 g","codex","191 x 151 x 73 mm","Paper","","","","","","","","","","","text","Historical works|~|Hagiographies","ara","right-to-left","Arabic","Naskh","","Images: Contact the Monastery of St. Catherine's of the Sinai. Metadata: Unless otherwise indicated all metadata associated with this manuscript is copyright the authors and released under Creative Commons Attribution 4.0 International License.","To inquire about image rights, contact St. Catherine's Monastery, https://www.sinaimonastery.com, sinaimonastery@gmail.com.","Saint Catherine (Monastery : Mount Sinai)","Sinai Arabic 497","Sinai. Old Collection","https://www.loc.gov/item/0027939009A-ms/","380","https://iiif.library.ucla.edu/ark%3A%2F21198%2Fz1bk2x0s/manifest","delivery 5.1"
"","","St. Catherine's Monastery, Sinai Arabic 516.","An anonymous history of the wars of King Sapor with the Emperor of Byzantium","","paged","ark:/21198/z1bk2gmg","ark:/21198/z16t25bb","Work","","","","901/1100","","10th c.","","","","","","","","","Kamil","","","95 ff. ; 1073.2 g","codex","236 x 180 x 88 mm","Parchment","","","","","","","","","","","text","Historical works","ara","right-to-left","Arabic","Naskh","Kufic influence","Images: Contact the Monastery of St. Catherine's of the Sinai. Metadata: Unless otherwise indicated all metadata associated with this manuscript is copyright the authors and released under Creative Commons Attribution 4.0 International License.","To inquire about image rights, contact St. Catherine's Monastery, https://www.sinaimonastery.com, sinaimonastery@gmail.com.","Saint Catherine (Monastery : Mount Sinai)","Sinai Arabic 516","Sinai. Old Collection","https://www.loc.gov/item/00279390209-ms/","197","https://iiif.library.ucla.edu/ark%3A%2F21198%2Fz16t25bb/manifest","delivery 5.1"
"","","St. Catherine's Monastery, Sinai Arabic 521.","Lives of SS. Epiphanius Bishop of Cyprus, and John Chrysostom ; Martyrdom of St. Peter Patriarch of Alexandria","","paged","ark:/21198/z1bk2gmg","ark:/21198/z1321dmx","Work","","","","1001/1100","","11th c.","","","Epiphanius, Saint, Bishop of Constantia in Cyprus, approximately 310-403|~|John Chrysostom, Saint, -407","","","","","","Kamil","","","151 ff. ; 440.2 g","codex","190 x 161 x 42 mm","Paper","","","","","","","","","","","text","Historical works|~|Hagiographies","ara","right-to-left","Arabic","Naskh","","Images: Contact the Monastery of St. Catherine's of the Sinai. Metadata: Unless otherwise indicated all metadata associated with this manuscript is copyright the authors and released under Creative Commons Attribution 4.0 International License.","To inquire about image rights, contact St. Catherine's Monastery, https://www.sinaimonastery.com, sinaimonastery@gmail.com.","Saint Catherine (Monastery : Mount Sinai)","Sinai Arabic 521","Sinai. Old Collection","https://www.loc.gov/item/00279390180-ms/","316","https://iiif.library.ucla.edu/ark%3A%2F21198%2Fz1321dmx/manifest","delivery 5.1"
"","","St. Catherine's Monastery, Sinai Arabic 522.","Lives of SS. Elias, Sabas, and John of the Golden Gospel","","paged","ark:/21198/z1bk2gmg","ark:/21198/z1zc9mm9","Work","","","","1101/1200","","12th c.","","","","","","","","","Kamil","","","148 ff. ; 728.6 g","codex","190 x 154 x 73 mm","Paper","","","","","","","","","","Heavy deposits of dirt (ff. 118r-124r, 130r, 139r-141r)","text","Historical works|~|Hagiographies","ara","right-to-left","Arabic","Naskh","","Images: Contact the Monastery of St. Catherine's of the Sinai. Metadata: Unless otherwise indicated all metadata associated with this manuscript is copyright the authors and released under Creative Commons Attribution 4.0 International License.","To inquire about image rights, contact St. Catherine's Monastery, https://www.sinaimonastery.com, sinaimonastery@gmail.com.","Saint Catherine (Monastery : Mount Sinai)","Sinai Arabic 522","Sinai. Old Collection","https://www.nli.org.il/en/manuscripts/NNL_ALEPH003891683","310","https://iiif.library.ucla.edu/ark%3A%2F21198%2Fz1zc9mm9/manifest","delivery 5.1"
"","","St. Catherine's Monastery, Sinai Arabic 528.","Life of St. John Chrysostom written by George Metropolitan of Alexandria","","paged","ark:/21198/z1bk2gmg","ark:/21198/z1tm8vv4","Work","","","","1201/1300","","13th c.","","","John Chrysostom, Saint, -407","","","","","","Kamil","","","331 ff. ; 1366.4 g","codex","195 x 152 x 97 mm","Paper","","","","","","","","","","","text","Historical works|~|Hagiographies","ara","right-to-left","Arabic","Naskh","","Images: Contact the Monastery of St. Catherine's of the Sinai. Metadata: Unless otherwise indicated all metadata associated with this manuscript is copyright the authors and released under Creative Commons Attribution 4.0 International License.","To inquire about image rights, contact St. Catherine's Monastery, https://www.sinaimonastery.com, sinaimonastery@gmail.com.","Saint Catherine (Monastery : Mount Sinai)","Sinai Arabic 528","Sinai. Old Collection","https://www.loc.gov/item/00279390283-ms/","672","https://iiif.library.ucla.edu/ark%3A%2F21198%2Fz1tm8vv4/manifest","delivery 5.1"
"","","St. Catherine's Monastery, Sinai Arabic 533.","Thirteen miscellaneous tracts and treatises","","paged","ark:/21198/z1bk2gmg","ark:/21198/z1pv8429","Work","","","","1201/1300","","13th c.","","","Ephraem, Syrus, Saint, 303-373|~|John Chrysostom, Saint, -407|~|Basil, Saint, Bishop of Caesarea, approximately 329-379|~|Gregory, of Nazianzus, Saint","","Story of the massacre of the monks of Mt. Sinai told by St. Nilus ; The works of St. Matthew and his martyrdom ; Selection from the Epistles and Gospels ; Mimars by SS. Ephraem, John Chrysostom, Basil, Gregory the Theologian, and Isaac ; Stories of Moses witnessing God, and the Prophet Elijah carried by fire ; Restoration of the Church of Mt. Sinai","","","","Kamil","","","202 ff. ; 847 g","codex","185 x 146 x 72 mm","Paper","","","","","","","","","","","text","Historical works|~|Martyrologies","ara","right-to-left","Arabic","Naskh","","Images: Contact the Monastery of St. Catherine's of the Sinai. Metadata: Unless otherwise indicated all metadata associated with this manuscript is copyright the authors and released under Creative Commons Attribution 4.0 International License.","To inquire about image rights, contact St. Catherine's Monastery, https://www.sinaimonastery.com, sinaimonastery@gmail.com.","Saint Catherine (Monastery : Mount Sinai)","Sinai Arabic 533","Sinai. Old Collection","https://www.loc.gov/item/00279390350-ms/","413","https://iiif.library.ucla.edu/ark%3A%2F21198%2Fz1pv8429/manifest","delivery 5.1"
"","","St. Catherine's Monastery, Sinai Arabic 534.","Kontakion and Church readings","","paged","ark:/21198/z1bk2gmg","ark:/21198/z1k37c9f","Work","","","","1201/1300","","13th c.","","","","","Martyrdom and Lives of SS. Sergius and Bacchus, Basil, Martianus, the forty martyrs of Sebastia, Archelides, Thecla, Pantaleon and Hermolaus and their companions, Theodore and his companions, Abramius, Cosmas and Damian, “God’s Man”, Mary the Maccabaen, John of the Golden Gospel, and Eustace and Ilaczus ; A letter of Caliph Omar to a monk of China ; Story of Joseph son of Jacob","","","","Kamil","","","350 ff. ; 1090.7 g","codex","173 x 148 x 94 mm","Paper","","","","","","","","","","","text","Historical works|~|Martyrologies","ara","right-to-left","Arabic","Naskh","","Images: Contact the Monastery of St. Catherine's of the Sinai. Metadata: Unless otherwise indicated all metadata associated with this manuscript is copyright the authors and released under Creative Commons Attribution 4.0 International License.","To inquire about image rights, contact St. Catherine's Monastery, https://www.sinaimonastery.com, sinaimonastery@gmail.com.","Saint Catherine (Monastery : Mount Sinai)","Sinai Arabic 534","Sinai. Old Collection","https://www.loc.gov/item/00279390349-ms/","710","https://iiif.library.ucla.edu/ark%3A%2F21198%2Fz1k37c9f/manifest","delivery 5.1"
"","","St. Catherine's Monastery, Sinai Arabic 537.","Martyrdoms ; Mimars","","paged","ark:/21198/z1bk2gmg","ark:/21198/z1fb6mm5","Work","","","","1201/1300","","13th c.","","Basil, Saint, Bishop of Caesarea, approximately 329-379","","","Mimar by St. Basil ; Lives of SS. Arsenius the Great, Menas, Hermogenes, Eugraphus, Hilarion, and Mamas ; The Book of the Miracles of St. Menas by St. Timotheus Archbishop of Alexandria ; Martyrdom of St. Mamas","","","","Kamil","","","209 ff. ; 796 g","codex","204 x 150 x 52 mm","Paper","","","","","","","","","","","text","Historical works|~|Hagiographies","ara","right-to-left","Arabic","Naskh","","Images: Contact the Monastery of St. Catherine's of the Sinai. Metadata: Unless otherwise indicated all metadata associated with this manuscript is copyright the authors and released under Creative Commons Attribution 4.0 International License.","To inquire about image rights, contact St. Catherine's Monastery, https://www.sinaimonastery.com, sinaimonastery@gmail.com.","Saint Catherine (Monastery : Mount Sinai)","Sinai Arabic 537","Sinai. Old Collection","https://www.loc.gov/item/00279390313-ms/","424","https://iiif.library.ucla.edu/ark%3A%2F21198%2Fz1fb6mm5/manifest","delivery 5.1"
"","","St. Catherine's Monastery, Sinai Arabic 550.","Paradise of the Fathers","","paged","ark:/21198/z1bk2gmg","ark:/21198/z19k5vxw","Work","","","","1201/1300","","13th c.","","","","","","","","","Kamil","","","299 ff. ; 993.6 g","codex","182 x 140 x 94 mm","Paper","","","","","","","","","","Folios glued together (ff. 265-267)","text","Historical works|~|Hagiographies","ara","right-to-left","Arabic","Naskh","","Images: Contact the Monastery of St. Catherine's of the Sinai. Metadata: Unless otherwise indicated all metadata associated with this manuscript is copyright the authors and released under Creative Commons Attribution 4.0 International License.","To inquire about image rights, contact St. Catherine's Monastery, https://www.sinaimonastery.com, sinaimonastery@gmail.com.","Saint Catherine (Monastery : Mount Sinai)","Sinai Arabic 550","Sinai. Old Collection","https://www.nli.org.il/en/manuscripts/NNL_ALEPH003871427","608","https://iiif.library.ucla.edu/ark%3A%2F21198%2Fz19k5vxw/manifest","delivery 5.1"
"","","St. Catherine's Monastery, Sinai Arabic 553.","Varia","","paged","ark:/21198/z1bk2gmg","ark:/21198/z15t546z","Work","","","","1182","","1182","","","Macarius, the Egyptian, Saint, active 4th century|~|John Chrysostom, Saint, -407|~|Ephraem, Syrus, Saint, 303-373","","Twenty-four tracts and treatises of miscellaneous nature, divisible into the following categories: 1 - Theological debate, the Orthodox Creed, list of the great Prophets, philosophers’ prophecies, the Passion of Our Lord, and a selection of testimonies derived from the Old and New Testaments. 2 - Story of a monk from China and some jurists. 3 - Stories from the Lives of Saints and Church Fathers, some anonymous, others mentioned by name, as SS. Verosius, Philip the Apostle, Mark of Scetis, and the Seven Youths of Ephesus. 4 - Apophthegmata and Mimars by SS. Macarius, John Chrysostom and Ephraem the Syrian. 5 - An Encomium to Our Lady","","","","Kamil","","","152 ff. ; 538 g","codex","179 x 142 x 48 mm","Paper","","","","","","","","","Dated","","text","Theological works|~|Apophthegmata","ara","right-to-left","Arabic","Naskh","","Images: Contact the Monastery of St. Catherine's of the Sinai. Metadata: Unless otherwise indicated all metadata associated with this manuscript is copyright the authors and released under Creative Commons Attribution 4.0 International License.","To inquire about image rights, contact St. Catherine's Monastery, https://www.sinaimonastery.com, sinaimonastery@gmail.com.","Saint Catherine (Monastery : Mount Sinai)","Sinai Arabic 553","Sinai. Old Collection","https://www.loc.gov/item/0027939043A-ms/","314","https://iiif.library.ucla.edu/ark%3A%2F21198%2Fz15t546z/manifest","delivery 5.1"
"","","St. Catherine's Monastery, Sinai Arabic 557.","Paradise of the Fathers","","paged","ark:/21198/z1bk2gmg","ark:/21198/z12532x9","Work","","","","1201/1300","","13th c.","","","","","","","","","Kamil","","","315 ff. ; 1230.4 g","codex","193 x 148 x 100 mm","Paper","","","","","","","","","","","text","Historical works|~|Hagiographies","ara","right-to-left","Arabic","Naskh","","Images: Contact the Monastery of St. Catherine's of the Sinai. Metadata: Unless otherwise indicated all metadata associated with this manuscript is copyright the authors and released under Creative Commons Attribution 4.0 International License.","To inquire about image rights, contact St. Catherine's Monastery, https://www.sinaimonastery.com, sinaimonastery@gmail.com.","Saint Catherine (Monastery : Mount Sinai)","Sinai Arabic 557","Sinai. Old Collection","https://www.loc.gov/item/00279390520-ms/","644","https://iiif.library.ucla.edu/ark%3A%2F21198%2Fz12532x9/manifest","delivery 5.1"
"","","St. Catherine's Monastery, Sinai Arabic 562.","Prayers","","paged","ark:/21198/z1bk2gmg","ark:/21198/z1xd2kc4","Work","","","","1291","","1291","","","","","","","","","Kamil","","","127 ff. ; 513 g","codex","194 x 151 x 46 mm","Paper","","","","","","","","","Dated","Rodent damage (ff. 1-8); Front cover damaged","text","Liturgical texts","ara","right-to-left","Arabic","Naskh","","Images: Contact the Monastery of St. Catherine's of the Sinai. Metadata: Unless otherwise indicated all metadata associated with this manuscript is copyright the authors and released under Creative Commons Attribution 4.0 International License.","To inquire about image rights, contact St. Catherine's Monastery, https://www.sinaimonastery.com, sinaimonastery@gmail.com.","Saint Catherine (Monastery : Mount Sinai)","Sinai Arabic 562","Sinai. Old Collection","https://www.nli.org.il/en/manuscripts/NNL_ALEPH003871428","263","https://iiif.library.ucla.edu/ark%3A%2F21198%2Fz1xd2kc4/manifest","delivery 5.1"
"","","St. Catherine's Monastery, Sinai Arabic 564.","Paradise of the Fathers","","paged","ark:/21198/z1bk2gmg","ark:/21198/z1sn1tmz","Work","","","","1201/1300","","13th c.","","","","","","","","","Kamil","","","371 ff. ; 1412.9 g","codex","231 x 172 x 98 mm","Paper","","","","","","","","","","","text","Historical works|~|Hagiographies","ara","right-to-left","Arabic","Naskh","","Images: Contact the Monastery of St. Catherine's of the Sinai. Metadata: Unless otherwise indicated all metadata associated with this manuscript is copyright the authors and released under Creative Commons Attribution 4.0 International License.","To inquire about image rights, contact St. Catherine's Monastery, https://www.sinaimonastery.com, sinaimonastery@gmail.com.","Saint Catherine (Monastery : Mount Sinai)","Sinai Arabic 564","Sinai. Old Collection","https://www.nli.org.il/en/manuscripts/NNL_ALEPH003871429","751","https://iiif.library.ucla.edu/ark%3A%2F21198%2Fz1sn1tmz/manifest","delivery 5.1"
"","","St. Catherine's Monastery, Sinai Arabic 58.","Psalter and Odes","","paged","ark:/21198/z1bk2gmg","ark:/21198/z1hd9dc0","Work","","Bible. Psalms|~|Bible. Odes|~|Psalter","","1401/1500","","15th c.","","","","","","","","","Kamil","","","141 ff. ; 437.8 g","codex","185 x 123 x 48 mm","Paper","","","","","","","","","","","text","Biblical texts|~|Liturgical texts","ara","right-to-left","Arabic","Naskh","","Images: Contact the Monastery of St. Catherine's of the Sinai. Metadata: Unless otherwise indicated all metadata associated with this manuscript is copyright the authors and released under Creative Commons Attribution 4.0 International License.","To inquire about image rights, contact St. Catherine's Monastery, https://www.sinaimonastery.com, sinaimonastery@gmail.com.","Saint Catherine (Monastery : Mount Sinai)","Sinai Arabic 58","Sinai. Old Collection","https://www.nli.org.il/en/manuscripts/NNL_ALEPH003891600","291","https://iiif.library.ucla.edu/ark%3A%2F21198%2Fz1hd9dc0/manifest","delivery 5.1"
"","","St. Catherine's Monastery, Sinai Arabic 585.","Selection of Lives of Saints from the Paradise of the Fathers","","paged","ark:/21198/z1bk2gmg","ark:/21198/z1nw12wm","Work","","","","1183","","1183","","","Basil, Saint, Bishop of Caesarea, approximately 329-379|~|Ephraem, Syrus, Saint, 303-373|~|John Chrysostom, Saint, -407","","Preceded by the following miscellaneous treatises: 1 - Book of Problems and Responses between Abbot Antiochus and St. Athanasius I Patriarch of Alexandria (53 Problems and Responses). 2 - Three Lives of Saints and Miracles of SS. John of the Golden Gospel, Theodore and Basil Bishop of Caesarea. 3 - Story of the Incarnate Icon of Our Lady in the Monastery of Saidanaya. 4 - Mystical table with aphorisms. 5 - Three tracts derived from the writings of SS. John Chrysostom, Basil the Great and Ephraem the Syrian on miscellaneous topics. 6 - Poem in praise of the Holy Land by Abd al-Masifi. 7 - History of Lent and Easter","","","","Kamil","","","156 ff. ; 524.1 g","codex","177 x 148 x 44 mm","Paper","","","","","","","","","Dated","","text","Theological works|~|Apophthegmata","ara","right-to-left","Arabic","Naskh","","Images: Contact the Monastery of St. Catherine's of the Sinai. Metadata: Unless otherwise indicated all metadata associated with this manuscript is copyright the authors and released under Creative Commons Attribution 4.0 International License.","To inquire about image rights, contact St. Catherine's Monastery, https://www.sinaimonastery.com, sinaimonastery@gmail.com.","Saint Catherine (Monastery : Mount Sinai)","Sinai Arabic 585","Sinai. Old Collection","https://www.loc.gov/item/00279390623-ms/","320","https://iiif.library.ucla.edu/ark%3A%2F21198%2Fz1nw12wm/manifest","delivery 5.1"
"","","St. Catherine's Monastery, Sinai Arabic 601.","Books of Jonas, Micah, Nahum, Habakkuk, Zephaniah, Haggai, Zechariah, Malachi","","paged","ark:/21198/z1bk2gmg","ark:/21198/z1j40b62","Work","","Bible. Malachi|~|Bible. Jonah|~|Bible. Micah|~|Bible. Nahum|~|Bible. Habakkuk|~|Bible. Zephaniah|~|Bible. Haggai|~|Bible. Zechariah","","1101/1200","","12th c.","","","","","","","","","Kamil","","","51 ff. ; 161.7 g","codex","204 x 150 x 17 mm","Paper","","","","","","","","","","","text","Biblical texts","ara","right-to-left","Arabic","Naskh","","Images: Contact the Monastery of St. Catherine's of the Sinai. Metadata: Unless otherwise indicated all metadata associated with this manuscript is copyright the authors and released under Creative Commons Attribution 4.0 International License.","To inquire about image rights, contact St. Catherine's Monastery, https://www.sinaimonastery.com, sinaimonastery@gmail.com.","Saint Catherine (Monastery : Mount Sinai)","Sinai Arabic 601","Sinai. Old Collection","https://www.nli.org.il/en/manuscripts/NNL_ALEPH003891688","108","https://iiif.library.ucla.edu/ark%3A%2F21198%2Fz1j40b62/manifest","delivery 5.1"
"","","St. Catherine's Monastery, Sinai Arabic 682.","Book of Liturgy (Euchologia)","","paged","ark:/21198/z1bk2gmg","ark:/21198/z1db9kk4","Work","","Euchologion","","1656","","1656","","","","","","","","","Kamil","","","226 ff. ; 682.6 g","codex","207 x 149 x 56 mm","Paper","","","","","","","","","Dated","","text","Liturgical texts","ara","right-to-left","Arabic","Naskh","","Images: Contact the Monastery of St. Catherine's of the Sinai. Metadata: Unless otherwise indicated all metadata associated with this manuscript is copyright the authors and released under Creative Commons Attribution 4.0 International License.","To inquire about image rights, contact St. Catherine's Monastery, https://www.sinaimonastery.com, sinaimonastery@gmail.com.","Saint Catherine (Monastery : Mount Sinai)","Sinai Arabic 682","Sinai. Old Collection","https://www.nli.org.il/en/manuscripts/NNL_ALEPH003891689","460","https://iiif.library.ucla.edu/ark%3A%2F21198%2Fz1db9kk4/manifest","delivery 5.1"
"","","St. Catherine's Monastery, Sinai Arabic 72.","Four Gospels, divided according to the readings of the Greek Calendar","","paged","ark:/21198/z1bk2gmg","ark:/21198/z1cn8nmt","Work","","Bible. Gospels","","897","","897","","","","","","","","","Kamil","","","119 ff. ; 682.3 g","codex","204 x 141 x 60 mm","Parchment","","","","","","","","","Dated","","text","Biblical texts|~|Gospel books","ara","right-to-left","Arabic","Kufic","","Images: Contact the Monastery of St. Catherine's of the Sinai. Metadata: Unless otherwise indicated all metadata associated with this manuscript is copyright the authors and released under Creative Commons Attribution 4.0 International License.","To inquire about image rights, contact St. Catherine's Monastery, https://www.sinaimonastery.com, sinaimonastery@gmail.com.","Saint Catherine (Monastery : Mount Sinai)","Sinai Arabic 72","Sinai. Old Collection","https://www.loc.gov/item/00279385986-ms/","248","https://iiif.library.ucla.edu/ark%3A%2F21198%2Fz1cn8nmt/manifest","delivery 5.1"
"","","St. Catherine's Monastery, Sinai Arabic 76.","Four Gospels","","paged","ark:/21198/z1bk2gmg","ark:/21198/z1806mbk","Work","","Bible. Gospels","","1201/1300","","13th c.","","","","","Followed by other Gospel extracts in Greek on additional folios 317-322","","","","Kamil","","","323 ff. ; 2937.8 g","codex","286 x 217 x 105 mm","Paper","","","Greek text on ff. 317-322","","","","Metal decoration on back cover","","","","text","Biblical texts|~|Gospel books","ara|~|grc","right-to-left","Arabic","Naskh","","Images: Contact the Monastery of St. Catherine's of the Sinai. Metadata: Unless otherwise indicated all metadata associated with this manuscript is copyright the authors and released under Creative Commons Attribution 4.0 International License.","To inquire about image rights, contact St. Catherine's Monastery, https://www.sinaimonastery.com, sinaimonastery@gmail.com.","Saint Catherine (Monastery : Mount Sinai)","Sinai Arabic 76","Sinai. Old Collection","https://www.loc.gov/item/0027938605A-ms/","655","https://iiif.library.ucla.edu/ark%3A%2F21198%2Fz1806mbk/manifest","delivery 5.1"
"","","St. Catherine's Monastery, Sinai Arabic 92.","Four Gospels","","paged","ark:/21198/z1bk2gmg","ark:/21198/z1475vkd","Work","","Bible. Gospels","","1401/1500","","15th c.","","","","","Divided according to Greek Calendar, beginning with St. Matthew IX, 32","","","","Kamil","","","112 ff. ; 309 g","codex","180 x 137 x 28 mm","Paper","","","","Illumination on ff. 28r, 54r","","","","","","","text","Biblical texts|~|Gospel books","ara","right-to-left","Arabic","","","Images: Contact the Monastery of St. Catherine's of the Sinai. Metadata: Unless otherwise indicated all metadata associated with this manuscript is copyright the authors and released under Creative Commons Attribution 4.0 International License.","To inquire about image rights, contact St. Catherine's Monastery, https://www.sinaimonastery.com, sinaimonastery@gmail.com.","Saint Catherine (Monastery : Mount Sinai)","Sinai Arabic 92","Sinai. Old Collection","","229","https://iiif.library.ucla.edu/ark%3A%2F21198%2Fz1475vkd/manifest","delivery 5.1"
"","","St. Catherine's Monastery, Sinai Arabic 94.","Four Gospels","","paged","ark:/21198/z1bk2gmg","ark:/21198/z10g53tm","Work","","Bible. Gospels","","1262","","1262","","","","","Divided according to Greek Calendar and followed by tables of Gospel readings for the year","","","","Kamil","","","289 ff. ; 1173.2 g","codex","203 x 145 x 87 mm","Paper","","","","","","","","","Dated","","text","Biblical texts|~|Gospel books","ara","right-to-left","Arabic","","","Images: Contact the Monastery of St. Catherine's of the Sinai. Metadata: Unless otherwise indicated all metadata associated with this manuscript is copyright the authors and released under Creative Commons Attribution 4.0 International License.","To inquire about image rights, contact St. Catherine's Monastery, https://www.sinaimonastery.com, sinaimonastery@gmail.com.","Saint Catherine (Monastery : Mount Sinai)","Sinai Arabic 94","Sinai. Old Collection","","588","https://iiif.library.ucla.edu/ark%3A%2F21198%2Fz10g53tm/manifest","delivery 5.1"
"","","St. Catherine's Monastery, Sinai Arabic 95.","Four Gospels","","paged","ark:/21198/z1bk2gmg","ark:/21198/z1vq4mbb","Work","","Bible. Gospels","","1277","","1277","","","","","Divided according to Greek Calendar with chapter index at end of each Gospel, text followed by Tables of Gospel readings for the year","","","","Kamil","","","342 ff. ; 1448.2 g","codex","192 x 154 x 93 mm","Paper","","","","","","","","","Dated","","text","Biblical texts|~|Gospel books","ara","right-to-left","Arabic","","","Images: Contact the Monastery of St. Catherine's of the Sinai. Metadata: Unless otherwise indicated all metadata associated with this manuscript is copyright the authors and released under Creative Commons Attribution 4.0 International License.","To inquire about image rights, contact St. Catherine's Monastery, https://www.sinaimonastery.com, sinaimonastery@gmail.com.","Saint Catherine (Monastery : Mount Sinai)","Sinai Arabic 95","Sinai. Old Collection","","696","https://iiif.library.ucla.edu/ark%3A%2F21198%2Fz1vq4mbb/manifest","delivery 5.1"
